"STATION","NAME","DATE","PRCP","PRCP_ATTRIBUTES"
"USC00106152","MOSCOW U OF I, ID US","1893-12","1.25",",a,,0"
"USC00106152","MOSCOW U OF I, ID US","1894-01",,
"USC00106152","MOSCOW U OF I, ID US","1894-02","3.10",",a,,0"
"USC00106152","MOSCOW U OF I, ID US","1894-03","3.43",",,,0"
"USC00106152","MOSCOW U OF I, ID US","1894-04","1.38",",,,0"
"USC00106152","MOSCOW U OF I, ID US","1894-05","1.53",",,,0"
"USC00106152","MOSCOW U OF I, ID US","1894-06","1.23",",,,0"
"USC00106152","MOSCOW U OF I, ID US","1894-07","0.12",",,,0"
"USC00106152","MOSCOW U OF I, ID US","1894-08","0.25",",,,0"
"USC00106152","MOSCOW U OF I, ID US","1894-09","0.90",",,,0"
"USC00106152","MOSCOW U OF I, ID US","1894-10","3.80",",,,0"
"USC00106152","MOSCOW U OF I, ID US","1894-11","2.21",",,,0"
"USC00106152","MOSCOW U OF I, ID US","1894-12","1.15",",,,0"
"USC00106152","MOSCOW U OF I, ID US","1895-01","2.13",",,,0"
"USC00106152","MOSCOW U OF I, ID US","1895-02","0.94",",,,0"
"USC00106152","MOSCOW U OF I, ID US","1895-03","1.16",",,,0"
"USC00106152","MOSCOW U OF I, ID US","1895-04","1.30",",,,0"
"USC00106152","MOSCOW U OF I, ID US","1895-05","2.17",",,,0"
"USC00106152","MOSCOW U OF I, ID US","1895-06","0.40",",,,0"
"USC00106152","MOSCOW U OF I, ID US","1895-07","0.89",",,,0"
"USC00106152","MOSCOW U OF I, ID US","1895-08","0.32","1,,,0"
"USC00106152","MOSCOW U OF I, ID US","1895-09","3.33",",,,0"
"USC00106152","MOSCOW U OF I, ID US","1895-10","0.00","1,T,,0"
"USC00106152","MOSCOW U OF I, ID US","1895-11","1.77",",,,0"
"USC00106152","MOSCOW U OF I, ID US","1895-12","1.83",",,,0"
"USC00106152","MOSCOW U OF I, ID US","1896-01","1.73",",,,0"
"USC00106152","MOSCOW U OF I, ID US","1896-02","1.27",",,,0"
"USC00106152","MOSCOW U OF I, ID US","1896-03","1.11",",,,0"
"USC00106152","MOSCOW U OF I, ID US","1896-04","0.57",",,,0"
"USC00106152","MOSCOW U OF I, ID US","1896-05","3.48",",,,0"
"USC00106152","MOSCOW U OF I, ID US","1896-06","2.21",",,,0"
"USC00106152","MOSCOW U OF I, ID US","1896-07","0.17",",,,0"
"USC00106152","MOSCOW U OF I, ID US","1896-08","1.33",",,,0"
"USC00106152","MOSCOW U OF I, ID US","1896-09","0.81",",,,0"
"USC00106152","MOSCOW U OF I, ID US","1896-10","1.07",",,,0"
"USC00106152","MOSCOW U OF I, ID US","1896-11","5.52",",,,0"
"USC00106152","MOSCOW U OF I, ID US","1896-12","3.14","1,,,0"
"USC00106152","MOSCOW U OF I, ID US","1897-01","1.01",",,,0"
"USC00106152","MOSCOW U OF I, ID US","1897-02","1.43","1,,,0"
"USC00106152","MOSCOW U OF I, ID US","1897-03","1.15","2,,,0"
"USC00106152","MOSCOW U OF I, ID US","1897-04","0.40",",,,0"
"USC00106152","MOSCOW U OF I, ID US","1897-05","1.20",",,,0"
"USC00106152","MOSCOW U OF I, ID US","1897-06","2.72",",,,0"
"USC00106152","MOSCOW U OF I, ID US","1897-07","0.85",",,,0"
"USC00106152","MOSCOW U OF I, ID US","1897-08","0.35",",,,0"
"USC00106152","MOSCOW U OF I, ID US","1897-09","1.67",",,,0"
"USC00106152","MOSCOW U OF I, ID US","1897-10","1.10","1,,,0"
"USC00106152","MOSCOW U OF I, ID US","1897-11","4.84",",,,0"
"USC00106152","MOSCOW U OF I, ID US","1897-12","2.57",",,,0"
"USC00106152","MOSCOW U OF I, ID US","1898-01","2.19",",,,0"
"USC00106152","MOSCOW U OF I, ID US","1898-02","2.04",",,,0"
"USC00106152","MOSCOW U OF I, ID US","1898-03","1.81",",,,0"
"USC00106152","MOSCOW U OF I, ID US","1898-04","1.02",",,,0"
"USC00106152","MOSCOW U OF I, ID US","1898-05","2.09",",,,0"
"USC00106152","MOSCOW U OF I, ID US","1898-06","1.31",",,,0"
"USC00106152","MOSCOW U OF I, ID US","1898-07","0.79",",,,0"
"USC00106152","MOSCOW U OF I, ID US","1898-08","1.29",",,,0"
"USC00106152","MOSCOW U OF I, ID US","1898-09","1.30",",,,0"
"USC00106152","MOSCOW U OF I, ID US","1898-10","0.83",",,,0"
"USC00106152","MOSCOW U OF I, ID US","1898-11","3.26",",,,0"
"USC00106152","MOSCOW U OF I, ID US","1898-12","1.71",",,,0"
"USC00106152","MOSCOW U OF I, ID US","1899-01","4.30",",,,0"
"USC00106152","MOSCOW U OF I, ID US","1899-02","2.35",",,,0"
"USC00106152","MOSCOW U OF I, ID US","1899-03","1.61",",,,0"
"USC00106152","MOSCOW U OF I, ID US","1899-04","2.95",",,,0"
"USC00106152","MOSCOW U OF I, ID US","1899-05","2.12",",,,0"
"USC00106152","MOSCOW U OF I, ID US","1899-06","1.24",",,,0"
"USC00106152","MOSCOW U OF I, ID US","1899-07","0.47",",,,0"
"USC00106152","MOSCOW U OF I, ID US","1899-08","2.39",",,,0"
"USC00106152","MOSCOW U OF I, ID US","1899-09","1.38",",,,0"
"USC00106152","MOSCOW U OF I, ID US","1899-10","2.69",",,,0"
"USC00106152","MOSCOW U OF I, ID US","1899-11","4.13",",,,0"
"USC00106152","MOSCOW U OF I, ID US","1899-12","2.51","1,,,0"
"USC00106152","MOSCOW U OF I, ID US","1900-01","2.42","2,,,0"
"USC00106152","MOSCOW U OF I, ID US","1900-02","2.63",",,,0"
"USC00106152","MOSCOW U OF I, ID US","1900-03","2.48",",,,0"
"USC00106152","MOSCOW U OF I, ID US","1900-04","2.08",",,,0"
"USC00106152","MOSCOW U OF I, ID US","1900-05","3.27",",,,0"
"USC00106152","MOSCOW U OF I, ID US","1900-06","0.29",",,,0"
"USC00106152","MOSCOW U OF I, ID US","1900-07","0.35",",,,0"
"USC00106152","MOSCOW U OF I, ID US","1900-08","0.78",",,,0"
"USC00106152","MOSCOW U OF I, ID US","1900-09","0.79",",,,0"
"USC00106152","MOSCOW U OF I, ID US","1900-10","3.24","5,,,0"
"USC00106152","MOSCOW U OF I, ID US","1900-11","2.14",",,,0"
"USC00106152","MOSCOW U OF I, ID US","1900-12","5.54",",,,0"
"USC00106152","MOSCOW U OF I, ID US","1901-01","2.93",",,,0"
"USC00106152","MOSCOW U OF I, ID US","1901-02","3.06",",,,0"
"USC00106152","MOSCOW U OF I, ID US","1901-03","2.29",",,,0"
"USC00106152","MOSCOW U OF I, ID US","1901-04","1.83",",,,0"
"USC00106152","MOSCOW U OF I, ID US","1901-05","2.40",",,,0"
"USC00106152","MOSCOW U OF I, ID US","1901-06","2.20",",,,0"
"USC00106152","MOSCOW U OF I, ID US","1901-07","0.59",",,,0"
"USC00106152","MOSCOW U OF I, ID US","1901-08","0.17",",,,0"
"USC00106152","MOSCOW U OF I, ID US","1901-09","1.26",",,,0"
"USC00106152","MOSCOW U OF I, ID US","1901-10","0.71",",,,0"
"USC00106152","MOSCOW U OF I, ID US","1901-11","2.95",",,,0"
"USC00106152","MOSCOW U OF I, ID US","1901-12","3.10",",,,0"
"USC00106152","MOSCOW U OF I, ID US","1902-01","2.29",",,,0"
"USC00106152","MOSCOW U OF I, ID US","1902-02","3.50",",,,0"
"USC00106152","MOSCOW U OF I, ID US","1902-03","1.19",",,,0"
"USC00106152","MOSCOW U OF I, ID US","1902-04","1.21",",,,0"
"USC00106152","MOSCOW U OF I, ID US","1902-05","3.37",",,,0"
"USC00106152","MOSCOW U OF I, ID US","1902-06","0.59",",,,0"
"USC00106152","MOSCOW U OF I, ID US","1902-07","2.33",",,,0"
"USC00106152","MOSCOW U OF I, ID US","1902-08","0.27",",,,0"
"USC00106152","MOSCOW U OF I, ID US","1902-09","1.30",",,,0"
"USC00106152","MOSCOW U OF I, ID US","1902-10","1.24",",,,0"
"USC00106152","MOSCOW U OF I, ID US","1902-11","6.59",",,,0"
"USC00106152","MOSCOW U OF I, ID US","1902-12","3.72",",,,0"
"USC00106152","MOSCOW U OF I, ID US","1903-01","3.80",",,,0"
"USC00106152","MOSCOW U OF I, ID US","1903-02","0.22",",,,0"
"USC00106152","MOSCOW U OF I, ID US","1903-03","1.77",",,,0"
"USC00106152","MOSCOW U OF I, ID US","1903-04","0.87",",,,0"
"USC00106152","MOSCOW U OF I, ID US","1903-05","3.63",",,,0"
"USC00106152","MOSCOW U OF I, ID US","1903-06","1.80",",,,0"
"USC00106152","MOSCOW U OF I, ID US","1903-07","0.57",",,,0"
"USC00106152","MOSCOW U OF I, ID US","1903-08","1.43",",,,0"
"USC00106152","MOSCOW U OF I, ID US","1903-09","1.57",",,,0"
"USC00106152","MOSCOW U OF I, ID US","1903-10","1.65",",,,0"
"USC00106152","MOSCOW U OF I, ID US","1903-11","2.80",",,,0"
"USC00106152","MOSCOW U OF I, ID US","1903-12","2.37",",,,0"
"USC00106152","MOSCOW U OF I, ID US","1904-01","1.22",",,,0"
"USC00106152","MOSCOW U OF I, ID US","1904-02","1.60",",,,0"
"USC00106152","MOSCOW U OF I, ID US","1904-03","2.78",",,,0"
"USC00106152","MOSCOW U OF I, ID US","1904-04","1.21",",,,0"
"USC00106152","MOSCOW U OF I, ID US","1904-05","0.72",",,,0"
"USC00106152","MOSCOW U OF I, ID US","1904-06","2.74",",,,0"
"USC00106152","MOSCOW U OF I, ID US","1904-07","1.30",",,,0"
"USC00106152","MOSCOW U OF I, ID US","1904-08","0.11",",,,0"
"USC00106152","MOSCOW U OF I, ID US","1904-09","0.38",",,,0"
"USC00106152","MOSCOW U OF I, ID US","1904-10","1.49",",,,0"
"USC00106152","MOSCOW U OF I, ID US","1904-11","0.75",",,,0"
"USC00106152","MOSCOW U OF I, ID US","1904-12","1.26",",,,0"
"USC00106152","MOSCOW U OF I, ID US","1905-01","0.78",",,,0"
"USC00106152","MOSCOW U OF I, ID US","1905-02","0.65",",,,0"
"USC00106152","MOSCOW U OF I, ID US","1905-03","2.01",",,,0"
"USC00106152","MOSCOW U OF I, ID US","1905-04","1.91",",,,0"
"USC00106152","MOSCOW U OF I, ID US","1905-05","2.00","2,,,0"
"USC00106152","MOSCOW U OF I, ID US","1905-06","2.90",",,,0"
"USC00106152","MOSCOW U OF I, ID US","1905-07","0.10",",,,0"
"USC00106152","MOSCOW U OF I, ID US","1905-08","0.19",",,,0"
"USC00106152","MOSCOW U OF I, ID US","1905-09","2.74",",,,0"
"USC00106152","MOSCOW U OF I, ID US","1905-10","2.43",",,,0"
"USC00106152","MOSCOW U OF I, ID US","1905-11","1.88",",,,0"
"USC00106152","MOSCOW U OF I, ID US","1905-12","2.04",",,,0"
"USC00106152","MOSCOW U OF I, ID US","1906-01","1.96",",,,0"
"USC00106152","MOSCOW U OF I, ID US","1906-02","1.64",",,,0"
"USC00106152","MOSCOW U OF I, ID US","1906-03","2.00",",,,0"
"USC00106152","MOSCOW U OF I, ID US","1906-04","0.35",",,,0"
"USC00106152","MOSCOW U OF I, ID US","1906-05","2.67",",,,0"
"USC00106152","MOSCOW U OF I, ID US","1906-06","1.19",",,,0"
"USC00106152","MOSCOW U OF I, ID US","1906-07","0.03",",,,0"
"USC00106152","MOSCOW U OF I, ID US","1906-08","2.06",",,,0"
"USC00106152","MOSCOW U OF I, ID US","1906-09","0.61",",,,0"
"USC00106152","MOSCOW U OF I, ID US","1906-10","0.82",",,,0"
"USC00106152","MOSCOW U OF I, ID US","1906-11","7.48",",,,0"
"USC00106152","MOSCOW U OF I, ID US","1906-12","6.12",",,,0"
"USC00106152","MOSCOW U OF I, ID US","1907-01","5.77",",,,0"
"USC00106152","MOSCOW U OF I, ID US","1907-02","2.62",",,,0"
"USC00106152","MOSCOW U OF I, ID US","1907-03","2.79",",,,0"
"USC00106152","MOSCOW U OF I, ID US","1907-04","0.62",",,,0"
"USC00106152","MOSCOW U OF I, ID US","1907-05","0.81",",,,0"
"USC00106152","MOSCOW U OF I, ID US","1907-06","2.58",",,,0"
"USC00106152","MOSCOW U OF I, ID US","1907-07","1.58",",,,0"
"USC00106152","MOSCOW U OF I, ID US","1907-08","1.60",",,,0"
"USC00106152","MOSCOW U OF I, ID US","1907-09","0.87",",,,0"
"USC00106152","MOSCOW U OF I, ID US","1907-10","0.78",",,,0"
"USC00106152","MOSCOW U OF I, ID US","1907-11","0.98",",,,0"
"USC00106152","MOSCOW U OF I, ID US","1907-12","2.90",",,,0"
"USC00106152","MOSCOW U OF I, ID US","1908-01","1.47",",,,0"
"USC00106152","MOSCOW U OF I, ID US","1908-02","1.78",",,,0"
"USC00106152","MOSCOW U OF I, ID US","1908-03","2.76",",,,0"
"USC00106152","MOSCOW U OF I, ID US","1908-04","1.30",",,,0"
"USC00106152","MOSCOW U OF I, ID US","1908-05","2.00",",,,0"
"USC00106152","MOSCOW U OF I, ID US","1908-06","1.07",",,,0"
"USC00106152","MOSCOW U OF I, ID US","1908-07","0.13",",,,0"
"USC00106152","MOSCOW U OF I, ID US","1908-08","0.95",",,,0"
"USC00106152","MOSCOW U OF I, ID US","1908-09","0.93",",,,0"
"USC00106152","MOSCOW U OF I, ID US","1908-10","1.97",",,,0"
"USC00106152","MOSCOW U OF I, ID US","1908-11","1.05",",,,0"
"USC00106152","MOSCOW U OF I, ID US","1908-12","1.41",",,,0"
"USC00106152","MOSCOW U OF I, ID US","1909-01","4.11",",,,0"
"USC00106152","MOSCOW U OF I, ID US","1909-02","3.24",",,,0"
"USC00106152","MOSCOW U OF I, ID US","1909-03","1.02",",,,0"
"USC00106152","MOSCOW U OF I, ID US","1909-04","2.06",",,,0"
"USC00106152","MOSCOW U OF I, ID US","1909-05","1.62",",,,0"
"USC00106152","MOSCOW U OF I, ID US","1909-06","0.65",",,,0"
"USC00106152","MOSCOW U OF I, ID US","1909-07","3.65",",,,0"
"USC00106152","MOSCOW U OF I, ID US","1909-08","0.00",",T,,0"
"USC00106152","MOSCOW U OF I, ID US","1909-09","1.65",",,,0"
"USC00106152","MOSCOW U OF I, ID US","1909-10","1.75",",,,0"
"USC00106152","MOSCOW U OF I, ID US","1909-11","5.78",",,,0"
"USC00106152","MOSCOW U OF I, ID US","1909-12","1.47",",,,0"
"USC00106152","MOSCOW U OF I, ID US","1910-01","2.58",",,,0"
"USC00106152","MOSCOW U OF I, ID US","1910-02","3.50",",,,0"
"USC00106152","MOSCOW U OF I, ID US","1910-03","2.65",",,,0"
"USC00106152","MOSCOW U OF I, ID US","1910-04","1.77",",,,0"
"USC00106152","MOSCOW U OF I, ID US","1910-05","1.86",",,,0"
"USC00106152","MOSCOW U OF I, ID US","1910-06","0.00",",T,,0"
"USC00106152","MOSCOW U OF I, ID US","1910-07","0.00",",T,,0"
"USC00106152","MOSCOW U OF I, ID US","1910-08","0.00",",T,,0"
"USC00106152","MOSCOW U OF I, ID US","1910-09","0.56",",,,0"
"USC00106152","MOSCOW U OF I, ID US","1910-10","2.48",",,,0"
"USC00106152","MOSCOW U OF I, ID US","1910-11","4.11",",,,0"
"USC00106152","MOSCOW U OF I, ID US","1910-12","1.87",",,,0"
"USC00106152","MOSCOW U OF I, ID US","1911-01","1.00",",,,0"
"USC00106152","MOSCOW U OF I, ID US","1911-02","1.07",",,,0"
"USC00106152","MOSCOW U OF I, ID US","1911-03","0.37",",,,0"
"USC00106152","MOSCOW U OF I, ID US","1911-04","0.08",",,,0"
"USC00106152","MOSCOW U OF I, ID US","1911-05","2.17","1,,,0"
"USC00106152","MOSCOW U OF I, ID US","1911-06","0.80",",,,0"
"USC00106152","MOSCOW U OF I, ID US","1911-07","0.10",",,,0"
"USC00106152","MOSCOW U OF I, ID US","1911-08","0.76",",,,0"
"USC00106152","MOSCOW U OF I, ID US","1911-09","0.86",",,,0"
"USC00106152","MOSCOW U OF I, ID US","1911-10","1.01",",,,0"
"USC00106152","MOSCOW U OF I, ID US","1911-11","1.59",",,,0"
"USC00106152","MOSCOW U OF I, ID US","1911-12","1.16",",,,0"
"USC00106152","MOSCOW U OF I, ID US","1912-01","2.77",",,,0"
"USC00106152","MOSCOW U OF I, ID US","1912-02","3.50",",,,0"
"USC00106152","MOSCOW U OF I, ID US","1912-03","1.17",",,,0"
"USC00106152","MOSCOW U OF I, ID US","1912-04","1.78",",,,0"
"USC00106152","MOSCOW U OF I, ID US","1912-05","4.03",",,,0"
"USC00106152","MOSCOW U OF I, ID US","1912-06","0.75",",,,0"
"USC00106152","MOSCOW U OF I, ID US","1912-07","0.44",",,,0"
"USC00106152","MOSCOW U OF I, ID US","1912-08","2.11",",,,0"
"USC00106152","MOSCOW U OF I, ID US","1912-09","1.76",",,,0"
"USC00106152","MOSCOW U OF I, ID US","1912-10","2.07",",,,0"
"USC00106152","MOSCOW U OF I, ID US","1912-11","2.60",",,,0"
"USC00106152","MOSCOW U OF I, ID US","1912-12","2.68",",,,0"
"USC00106152","MOSCOW U OF I, ID US","1913-01","4.32","3,,,0"
"USC00106152","MOSCOW U OF I, ID US","1913-02","1.51",",,,0"
"USC00106152","MOSCOW U OF I, ID US","1913-03","4.52",",,,0"
"USC00106152","MOSCOW U OF I, ID US","1913-04","1.43",",,,0"
"USC00106152","MOSCOW U OF I, ID US","1913-05","2.70",",,,0"
"USC00106152","MOSCOW U OF I, ID US","1913-06","3.78",",,,0"
"USC00106152","MOSCOW U OF I, ID US","1913-07","0.19",",,,0"
"USC00106152","MOSCOW U OF I, ID US","1913-08","0.63",",,,0"
"USC00106152","MOSCOW U OF I, ID US","1913-09","0.91",",,,0"
"USC00106152","MOSCOW U OF I, ID US","1913-10","2.35",",,,0"
"USC00106152","MOSCOW U OF I, ID US","1913-11","3.26",",,,0"
"USC00106152","MOSCOW U OF I, ID US","1913-12","1.03",",,,0"
"USC00106152","MOSCOW U OF I, ID US","1914-01","2.68",",,,0"
"USC00106152","MOSCOW U OF I, ID US","1914-02","1.95",",,,0"
"USC00106152","MOSCOW U OF I, ID US","1914-03","0.76",",,,0"
"USC00106152","MOSCOW U OF I, ID US","1914-04","1.77",",,,0"
"USC00106152","MOSCOW U OF I, ID US","1914-05","2.00",",,,0"
"USC00106152","MOSCOW U OF I, ID US","1914-06","1.36",",,,0"
"USC00106152","MOSCOW U OF I, ID US","1914-07","0.70",",,,0"
"USC00106152","MOSCOW U OF I, ID US","1914-08","0.00",",,,0"
"USC00106152","MOSCOW U OF I, ID US","1914-09","2.04",",,,0"
"USC00106152","MOSCOW U OF I, ID US","1914-10","2.04",",,,0"
"USC00106152","MOSCOW U OF I, ID US","1914-11","1.78",",,,0"
"USC00106152","MOSCOW U OF I, ID US","1914-12","1.26",",,,0"
"USC00106152","MOSCOW U OF I, ID US","1915-01","1.36",",,,0"
"USC00106152","MOSCOW U OF I, ID US","1915-02","1.32",",,,0"
"USC00106152","MOSCOW U OF I, ID US","1915-03","1.53",",,,0"
"USC00106152","MOSCOW U OF I, ID US","1915-04","2.07",",,,0"
"USC00106152","MOSCOW U OF I, ID US","1915-05","4.07",",,,0"
"USC00106152","MOSCOW U OF I, ID US","1915-06","0.40",",,,0"
"USC00106152","MOSCOW U OF I, ID US","1915-07","1.02",",,,0"
"USC00106152","MOSCOW U OF I, ID US","1915-08","0.08",",,,0"
"USC00106152","MOSCOW U OF I, ID US","1915-09","0.31",",,,0"
"USC00106152","MOSCOW U OF I, ID US","1915-10","1.66",",,,0"
"USC00106152","MOSCOW U OF I, ID US","1915-11","3.17",",,,0"
"USC00106152","MOSCOW U OF I, ID US","1915-12","2.11",",,,0"
"USC00106152","MOSCOW U OF I, ID US","1916-01","2.67",",,,0"
"USC00106152","MOSCOW U OF I, ID US","1916-02","2.03",",,,0"
"USC00106152","MOSCOW U OF I, ID US","1916-03","4.88",",,,0"
"USC00106152","MOSCOW U OF I, ID US","1916-04","1.01",",,,0"
"USC00106152","MOSCOW U OF I, ID US","1916-05","1.36",",,,0"
"USC00106152","MOSCOW U OF I, ID US","1916-06","2.20",",,,0"
"USC00106152","MOSCOW U OF I, ID US","1916-07","1.12",",,,0"
"USC00106152","MOSCOW U OF I, ID US","1916-08","1.17",",,,0"
"USC00106152","MOSCOW U OF I, ID US","1916-09","0.64",",,,0"
"USC00106152","MOSCOW U OF I, ID US","1916-10","0.30",",,,0"
"USC00106152","MOSCOW U OF I, ID US","1916-11","2.64",",,,0"
"USC00106152","MOSCOW U OF I, ID US","1916-12","2.13",",,,0"
"USC00106152","MOSCOW U OF I, ID US","1917-01","2.86",",,,0"
"USC00106152","MOSCOW U OF I, ID US","1917-02","1.76",",,,0"
"USC00106152","MOSCOW U OF I, ID US","1917-03","2.13",",,,0"
"USC00106152","MOSCOW U OF I, ID US","1917-04","3.63",",,,0"
"USC00106152","MOSCOW U OF I, ID US","1917-05","1.82",",,,0"
"USC00106152","MOSCOW U OF I, ID US","1917-06","0.72",",,,0"
"USC00106152","MOSCOW U OF I, ID US","1917-07","0.05",",,,0"
"USC00106152","MOSCOW U OF I, ID US","1917-08","0.00",",,,0"
"USC00106152","MOSCOW U OF I, ID US","1917-09","1.57",",,,0"
"USC00106152","MOSCOW U OF I, ID US","1917-10","0.00",",T,,0"
"USC00106152","MOSCOW U OF I, ID US","1917-11","1.39",",,,0"
"USC00106152","MOSCOW U OF I, ID US","1917-12","5.79",",,,0"
"USC00106152","MOSCOW U OF I, ID US","1918-01","3.21",",,,0"
"USC00106152","MOSCOW U OF I, ID US","1918-02","2.18",",,,0"
"USC00106152","MOSCOW U OF I, ID US","1918-03","2.04",",,,0"
"USC00106152","MOSCOW U OF I, ID US","1918-04","0.46","1,,,0"
"USC00106152","MOSCOW U OF I, ID US","1918-05","0.94",",,,0"
"USC00106152","MOSCOW U OF I, ID US","1918-06","0.95",",,,0"
"USC00106152","MOSCOW U OF I, ID US","1918-07","0.93",",,,0"
"USC00106152","MOSCOW U OF I, ID US","1918-08","0.80",",,,0"
"USC00106152","MOSCOW U OF I, ID US","1918-09","0.75",",,,0"
"USC00106152","MOSCOW U OF I, ID US","1918-10","2.15",",,,0"
"USC00106152","MOSCOW U OF I, ID US","1918-11","1.81",",,,0"
"USC00106152","MOSCOW U OF I, ID US","1918-12","1.62",",,,0"
"USC00106152","MOSCOW U OF I, ID US","1919-01","2.26",",,,0"
"USC00106152","MOSCOW U OF I, ID US","1919-02","4.58",",,,0"
"USC00106152","MOSCOW U OF I, ID US","1919-03","1.57",",,,0"
"USC00106152","MOSCOW U OF I, ID US","1919-04","1.56",",,,0"
"USC00106152","MOSCOW U OF I, ID US","1919-05","1.28",",,,0"
"USC00106152","MOSCOW U OF I, ID US","1919-06","0.04",",,,0"
"USC00106152","MOSCOW U OF I, ID US","1919-07","0.00",",,,0"
"USC00106152","MOSCOW U OF I, ID US","1919-08","0.48",",,,0"
"USC00106152","MOSCOW U OF I, ID US","1919-09","0.83",",,,0"
"USC00106152","MOSCOW U OF I, ID US","1919-10","1.61",",,,0"
"USC00106152","MOSCOW U OF I, ID US","1919-11","3.87",",,,0"
"USC00106152","MOSCOW U OF I, ID US","1919-12","3.04",",,,0"
"USC00106152","MOSCOW U OF I, ID US","1920-01","2.79",",,,0"
"USC00106152","MOSCOW U OF I, ID US","1920-02","0.30",",,,0"
"USC00106152","MOSCOW U OF I, ID US","1920-03","2.69",",,,0"
"USC00106152","MOSCOW U OF I, ID US","1920-04","2.72",",,,0"
"USC00106152","MOSCOW U OF I, ID US","1920-05","1.35",",,,0"
"USC00106152","MOSCOW U OF I, ID US","1920-06","1.66",",,,0"
"USC00106152","MOSCOW U OF I, ID US","1920-07","0.54",",,,0"
"USC00106152","MOSCOW U OF I, ID US","1920-08","1.22",",,,0"
"USC00106152","MOSCOW U OF I, ID US","1920-09","2.52",",,,0"
"USC00106152","MOSCOW U OF I, ID US","1920-10","2.35",",,,0"
"USC00106152","MOSCOW U OF I, ID US","1920-11","2.53",",,,0"
"USC00106152","MOSCOW U OF I, ID US","1920-12","3.04",",,,0"
"USC00106152","MOSCOW U OF I, ID US","1921-01","3.95",",,,0"
"USC00106152","MOSCOW U OF I, ID US","1921-02","2.70",",,,0"
"USC00106152","MOSCOW U OF I, ID US","1921-03","3.25",",,,0"
"USC00106152","MOSCOW U OF I, ID US","1921-04","2.86",",,,0"
"USC00106152","MOSCOW U OF I, ID US","1921-05","1.80",",,,0"
"USC00106152","MOSCOW U OF I, ID US","1921-06","1.47",",,,0"
"USC00106152","MOSCOW U OF I, ID US","1921-07","0.19",",,,0"
"USC00106152","MOSCOW U OF I, ID US","1921-08","0.30",",,,0"
"USC00106152","MOSCOW U OF I, ID US","1921-09","1.43",",,,0"
"USC00106152","MOSCOW U OF I, ID US","1921-10","1.56",",,,0"
"USC00106152","MOSCOW U OF I, ID US","1921-11","3.98",",,,0"
"USC00106152","MOSCOW U OF I, ID US","1921-12","1.89",",,,0"
"USC00106152","MOSCOW U OF I, ID US","1922-01","2.04",",,,0"
"USC00106152","MOSCOW U OF I, ID US","1922-02","1.48",",,,0"
"USC00106152","MOSCOW U OF I, ID US","1922-03","2.50",",,,0"
"USC00106152","MOSCOW U OF I, ID US","1922-04","1.46",",,,0"
"USC00106152","MOSCOW U OF I, ID US","1922-05","0.47",",,,0"
"USC00106152","MOSCOW U OF I, ID US","1922-06","0.22",",,,0"
"USC00106152","MOSCOW U OF I, ID US","1922-07","0.00",",T,,0"
"USC00106152","MOSCOW U OF I, ID US","1922-08","1.52",",,,0"
"USC00106152","MOSCOW U OF I, ID US","1922-09","0.75",",,,0"
"USC00106152","MOSCOW U OF I, ID US","1922-10","1.00",",,,0"
"USC00106152","MOSCOW U OF I, ID US","1922-11","1.32",",,,0"
"USC00106152","MOSCOW U OF I, ID US","1922-12","2.90",",,,0"
"USC00106152","MOSCOW U OF I, ID US","1923-01","3.93",",,,0"
"USC00106152","MOSCOW U OF I, ID US","1923-02","1.71",",,,0"
"USC00106152","MOSCOW U OF I, ID US","1923-03","1.56",",,,0"
"USC00106152","MOSCOW U OF I, ID US","1923-04","2.52",",,,0"
"USC00106152","MOSCOW U OF I, ID US","1923-05","1.44",",,,0"
"USC00106152","MOSCOW U OF I, ID US","1923-06","3.37",",,,0"
"USC00106152","MOSCOW U OF I, ID US","1923-07","1.19",",,,0"
"USC00106152","MOSCOW U OF I, ID US","1923-08","0.26",",,,0"
"USC00106152","MOSCOW U OF I, ID US","1923-09","0.25",",,,0"
"USC00106152","MOSCOW U OF I, ID US","1923-10","1.73",",,,0"
"USC00106152","MOSCOW U OF I, ID US","1923-11","3.03",",,,0"
"USC00106152","MOSCOW U OF I, ID US","1923-12","3.95",",,,0"
"USC00106152","MOSCOW U OF I, ID US","1924-01","2.34",",,,0"
"USC00106152","MOSCOW U OF I, ID US","1924-02","2.63",",,,0"
"USC00106152","MOSCOW U OF I, ID US","1924-03","0.96",",,,0"
"USC00106152","MOSCOW U OF I, ID US","1924-04","0.37",",,,0"
"USC00106152","MOSCOW U OF I, ID US","1924-05","0.05",",,,0"
"USC00106152","MOSCOW U OF I, ID US","1924-06","1.01",",,,0"
"USC00106152","MOSCOW U OF I, ID US","1924-07","0.68",",,,0"
"USC00106152","MOSCOW U OF I, ID US","1924-08","0.46",",,,0"
"USC00106152","MOSCOW U OF I, ID US","1924-09","0.65",",,,0"
"USC00106152","MOSCOW U OF I, ID US","1924-10","1.34",",,,0"
"USC00106152","MOSCOW U OF I, ID US","1924-11","4.26",",,,0"
"USC00106152","MOSCOW U OF I, ID US","1924-12","2.40",",,,0"
"USC00106152","MOSCOW U OF I, ID US","1925-01","4.07",",,,0"
"USC00106152","MOSCOW U OF I, ID US","1925-02","1.91",",,,0"
"USC00106152","MOSCOW U OF I, ID US","1925-03","1.33",",,,0"
"USC00106152","MOSCOW U OF I, ID US","1925-04","1.04",",,,0"
"USC00106152","MOSCOW U OF I, ID US","1925-05","2.74",",,,0"
"USC00106152","MOSCOW U OF I, ID US","1925-06","0.94",",,,0"
"USC00106152","MOSCOW U OF I, ID US","1925-07","0.06",",,,0"
"USC00106152","MOSCOW U OF I, ID US","1925-08","0.75",",,,0"
"USC00106152","MOSCOW U OF I, ID US","1925-09","0.47",",,,0"
"USC00106152","MOSCOW U OF I, ID US","1925-10","0.86",",,,0"
"USC00106152","MOSCOW U OF I, ID US","1925-11","1.64",",,,0"
"USC00106152","MOSCOW U OF I, ID US","1925-12","3.18",",,,0"
"USC00106152","MOSCOW U OF I, ID US","1926-01","2.04",",,,0"
"USC00106152","MOSCOW U OF I, ID US","1926-02","3.31",",,,0"
"USC00106152","MOSCOW U OF I, ID US","1926-03","0.57",",,,0"
"USC00106152","MOSCOW U OF I, ID US","1926-04","0.61",",,,0"
"USC00106152","MOSCOW U OF I, ID US","1926-05","0.90",",,,0"
"USC00106152","MOSCOW U OF I, ID US","1926-06","2.78",",,,0"
"USC00106152","MOSCOW U OF I, ID US","1927-04","0.89",",,,0"
"USC00106152","MOSCOW U OF I, ID US","1927-05","1.22",",,,0"
"USC00106152","MOSCOW U OF I, ID US","1927-06","1.84",",,,0"
"USC00106152","MOSCOW U OF I, ID US","1927-07","0.43",",,,0"
"USC00106152","MOSCOW U OF I, ID US","1927-08","0.93",",,,0"
"USC00106152","MOSCOW U OF I, ID US","1927-09","4.14",",,,0"
"USC00106152","MOSCOW U OF I, ID US","1927-10","1.99",",,,0"
"USC00106152","MOSCOW U OF I, ID US","1927-11","6.24",",,,0"
"USC00106152","MOSCOW U OF I, ID US","1927-12","2.61",",,,0"
"USC00106152","MOSCOW U OF I, ID US","1928-01","3.20",",,,0"
"USC00106152","MOSCOW U OF I, ID US","1928-02","0.33",",,,0"
"USC00106152","MOSCOW U OF I, ID US","1928-03","4.05",",,,0"
"USC00106152","MOSCOW U OF I, ID US","1928-04","1.88",",,,0"
"USC00106152","MOSCOW U OF I, ID US","1928-05","0.49",",,,0"
"USC00106152","MOSCOW U OF I, ID US","1928-06","0.56",",,,0"
"USC00106152","MOSCOW U OF I, ID US","1928-07","1.02",",,,0"
"USC00106152","MOSCOW U OF I, ID US","1928-08","0.07",",,,0"
"USC00106152","MOSCOW U OF I, ID US","1928-09","0.31",",,,0"
"USC00106152","MOSCOW U OF I, ID US","1928-10","1.22",",,,0"
"USC00106152","MOSCOW U OF I, ID US","1928-11","1.38",",,,0"
"USC00106152","MOSCOW U OF I, ID US","1928-12","1.19",",,,0"
"USC00106152","MOSCOW U OF I, ID US","1929-01","3.63",",,,0"
"USC00106152","MOSCOW U OF I, ID US","1929-02","0.84",",,,0"
"USC00106152","MOSCOW U OF I, ID US","1929-03","1.39",",,,0"
"USC00106152","MOSCOW U OF I, ID US","1929-04","1.39",",,,0"
"USC00106152","MOSCOW U OF I, ID US","1929-05","0.59",",,,0"
"USC00106152","MOSCOW U OF I, ID US","1929-06","2.14",",,,0"
"USC00106152","MOSCOW U OF I, ID US","1929-07","0.03",",,,0"
"USC00106152","MOSCOW U OF I, ID US","1929-08","0.20",",,,0"
"USC00106152","MOSCOW U OF I, ID US","1929-09","0.33",",,,0"
"USC00106152","MOSCOW U OF I, ID US","1929-10","1.07",",,,0"
"USC00106152","MOSCOW U OF I, ID US","1929-11","0.04",",,,0"
"USC00106152","MOSCOW U OF I, ID US","1929-12","4.55",",,,0"
"USC00106152","MOSCOW U OF I, ID US","1930-01","1.35",",,,0"
"USC00106152","MOSCOW U OF I, ID US","1930-02","3.36",",,,0"
"USC00106152","MOSCOW U OF I, ID US","1930-03","2.85",",,,0"
"USC00106152","MOSCOW U OF I, ID US","1930-04","1.90",",,,0"
"USC00106152","MOSCOW U OF I, ID US","1930-05","2.36",",,,0"
"USC00106152","MOSCOW U OF I, ID US","1930-06","1.14",",,,0"
"USC00106152","MOSCOW U OF I, ID US","1930-07","0.08",",,,0"
"USC00106152","MOSCOW U OF I, ID US","1930-08","0.10",",,,0"
"USC00106152","MOSCOW U OF I, ID US","1930-09","1.60",",,,0"
"USC00106152","MOSCOW U OF I, ID US","1930-10","1.24",",,,0"
"USC00106152","MOSCOW U OF I, ID US","1930-11","2.06",",,,0"
"USC00106152","MOSCOW U OF I, ID US","1930-12","1.45",",,,0"
"USC00106152","MOSCOW U OF I, ID US","1931-01","2.57",",,,0"
"USC00106152","MOSCOW U OF I, ID US","1931-02","1.31",",,,0"
"USC00106152","MOSCOW U OF I, ID US","1931-03","3.92",",,,0"
"USC00106152","MOSCOW U OF I, ID US","1931-04","1.21",",,,0"
"USC00106152","MOSCOW U OF I, ID US","1931-05","0.39",",,,0"
"USC00106152","MOSCOW U OF I, ID US","1931-06","1.30",",,,0"
"USC00106152","MOSCOW U OF I, ID US","1931-07","0.06",",,,0"
"USC00106152","MOSCOW U OF I, ID US","1931-08","0.00",",T,,0"
"USC00106152","MOSCOW U OF I, ID US","1931-09","1.08",",,,0"
"USC00106152","MOSCOW U OF I, ID US","1931-10","1.87",",,,0"
"USC00106152","MOSCOW U OF I, ID US","1931-11","3.39",",,,0"
"USC00106152","MOSCOW U OF I, ID US","1931-12","3.92",",,,0"
"USC00106152","MOSCOW U OF I, ID US","1932-01","3.48",",,,0"
"USC00106152","MOSCOW U OF I, ID US","1932-03","5.08",",,,0"
"USC00106152","MOSCOW U OF I, ID US","1932-04","1.28",",,,0"
"USC00106152","MOSCOW U OF I, ID US","1932-05","2.92",",,,0"
"USC00106152","MOSCOW U OF I, ID US","1932-06","0.37",",,,0"
"USC00106152","MOSCOW U OF I, ID US","1932-07","0.48",",,,0"
"USC00106152","MOSCOW U OF I, ID US","1932-08","0.10",",,,0"
"USC00106152","MOSCOW U OF I, ID US","1932-09","0.17",",,,0"
"USC00106152","MOSCOW U OF I, ID US","1932-10","1.83",",,,0"
"USC00106152","MOSCOW U OF I, ID US","1932-11","5.13",",,,0"
"USC00106152","MOSCOW U OF I, ID US","1932-12","3.43",",,,0"
"USC00106152","MOSCOW U OF I, ID US","1933-01","5.13",",,,0"
"USC00106152","MOSCOW U OF I, ID US","1933-02","2.92",",,,0"
"USC00106152","MOSCOW U OF I, ID US","1933-03","1.51",",,,0"
"USC00106152","MOSCOW U OF I, ID US","1933-04","0.75",",,,0"
"USC00106152","MOSCOW U OF I, ID US","1933-05","1.19",",,,0"
"USC00106152","MOSCOW U OF I, ID US","1933-06","1.06",",,,0"
"USC00106152","MOSCOW U OF I, ID US","1933-07","0.15",",,,0"
"USC00106152","MOSCOW U OF I, ID US","1933-08","0.78",",,,0"
"USC00106152","MOSCOW U OF I, ID US","1933-09","2.15",",,,0"
"USC00106152","MOSCOW U OF I, ID US","1933-10","3.88",",,,0"
"USC00106152","MOSCOW U OF I, ID US","1933-11","1.90",",,,0"
"USC00106152","MOSCOW U OF I, ID US","1933-12","8.02",",,,0"
"USC00106152","MOSCOW U OF I, ID US","1934-01","2.96","1,,,0"
"USC00106152","MOSCOW U OF I, ID US","1934-02","0.32",",,,0"
"USC00106152","MOSCOW U OF I, ID US","1934-03","3.30",",,,0"
"USC00106152","MOSCOW U OF I, ID US","1934-04","1.31",",,,0"
"USC00106152","MOSCOW U OF I, ID US","1934-05","0.77",",,,0"
"USC00106152","MOSCOW U OF I, ID US","1934-06","4.15",",,,0"
"USC00106152","MOSCOW U OF I, ID US","1934-07","0.09",",,,0"
"USC00106152","MOSCOW U OF I, ID US","1934-08","0.02",",,,0"
"USC00106152","MOSCOW U OF I, ID US","1934-09","0.68",",,,0"
"USC00106152","MOSCOW U OF I, ID US","1934-10","3.44",",,,0"
"USC00106152","MOSCOW U OF I, ID US","1934-11","2.46",",,,0"
"USC00106152","MOSCOW U OF I, ID US","1934-12","2.96",",,,0"
"USC00106152","MOSCOW U OF I, ID US","1935-01","2.72",",,,0"
"USC00106152","MOSCOW U OF I, ID US","1935-02","1.06",",,,0"
"USC00106152","MOSCOW U OF I, ID US","1935-03","2.55",",,,0"
"USC00106152","MOSCOW U OF I, ID US","1935-04","2.93",",,,0"
"USC00106152","MOSCOW U OF I, ID US","1935-05","0.24",",,,0"
"USC00106152","MOSCOW U OF I, ID US","1935-06","0.61",",,,0"
"USC00106152","MOSCOW U OF I, ID US","1935-07","0.47",",,,0"
"USC00106152","MOSCOW U OF I, ID US","1935-08","0.34",",,,0"
"USC00106152","MOSCOW U OF I, ID US","1935-09","0.26",",,,0"
"USC00106152","MOSCOW U OF I, ID US","1935-10","1.26",",,,0"
"USC00106152","MOSCOW U OF I, ID US","1935-11","0.96",",,,0"
"USC00106152","MOSCOW U OF I, ID US","1935-12","2.59",",,,0"
"USC00106152","MOSCOW U OF I, ID US","1936-01","5.12",",,,0"
"USC00106152","MOSCOW U OF I, ID US","1936-02","2.17",",,,0"
"USC00106152","MOSCOW U OF I, ID US","1936-03","1.91",",,,0"
"USC00106152","MOSCOW U OF I, ID US","1936-04","0.52",",,,0"
"USC00106152","MOSCOW U OF I, ID US","1936-05","0.86",",,,0"
"USC00106152","MOSCOW U OF I, ID US","1936-06","1.59",",,,0"
"USC00106152","MOSCOW U OF I, ID US","1936-07","0.34",",,,0"
"USC00106152","MOSCOW U OF I, ID US","1936-08","0.00",",T,,0"
"USC00106152","MOSCOW U OF I, ID US","1936-09","1.18",",,,0"
"USC00106152","MOSCOW U OF I, ID US","1936-10","0.30",",,,0"
"USC00106152","MOSCOW U OF I, ID US","1936-11","0.24",",,,0"
"USC00106152","MOSCOW U OF I, ID US","1936-12","2.74",",,,0"
"USC00106152","MOSCOW U OF I, ID US","1937-01","3.60",",,,0"
"USC00106152","MOSCOW U OF I, ID US","1937-02","2.77",",,,0"
"USC00106152","MOSCOW U OF I, ID US","1937-03","2.25",",,,0"
"USC00106152","MOSCOW U OF I, ID US","1937-04","3.81",",,,0"
"USC00106152","MOSCOW U OF I, ID US","1937-05","0.69",",,,0"
"USC00106152","MOSCOW U OF I, ID US","1937-06","2.92",",,,0"
"USC00106152","MOSCOW U OF I, ID US","1937-07","0.23",",,,0"
"USC00106152","MOSCOW U OF I, ID US","1937-08","0.49",",,,0"
"USC00106152","MOSCOW U OF I, ID US","1937-09","0.79",",,,0"
"USC00106152","MOSCOW U OF I, ID US","1937-10","1.51",",,,0"
"USC00106152","MOSCOW U OF I, ID US","1937-11","3.60",",,,0"
"USC00106152","MOSCOW U OF I, ID US","1937-12","4.06",",,,0"
"USC00106152","MOSCOW U OF I, ID US","1938-01","1.61",",,,0"
"USC00106152","MOSCOW U OF I, ID US","1938-02","1.80",",,,0"
"USC00106152","MOSCOW U OF I, ID US","1938-03","2.30",",,,0"
"USC00106152","MOSCOW U OF I, ID US","1938-04","1.61",",,,0"
"USC00106152","MOSCOW U OF I, ID US","1938-05","0.91",",,,0"
"USC00106152","MOSCOW U OF I, ID US","1938-06","1.27",",,,0"
"USC00106152","MOSCOW U OF I, ID US","1938-07","0.30",",,,0"
"USC00106152","MOSCOW U OF I, ID US","1938-08","0.17",",,,0"
"USC00106152","MOSCOW U OF I, ID US","1938-09","0.84",",,,0"
"USC00106152","MOSCOW U OF I, ID US","1938-10","1.81",",,,0"
"USC00106152","MOSCOW U OF I, ID US","1938-11","2.56",",,,0"
"USC00106152","MOSCOW U OF I, ID US","1938-12","1.30",",,,0"
"USC00106152","MOSCOW U OF I, ID US","1939-01","1.40",",,,0"
"USC00106152","MOSCOW U OF I, ID US","1939-02","3.77",",,,0"
"USC00106152","MOSCOW U OF I, ID US","1939-03","2.35",",,,0"
"USC00106152","MOSCOW U OF I, ID US","1939-04","0.55",",,,0"
"USC00106152","MOSCOW U OF I, ID US","1939-05","0.57",",,,0"
"USC00106152","MOSCOW U OF I, ID US","1939-06","0.81",",,,0"
"USC00106152","MOSCOW U OF I, ID US","1939-07","0.72",",,,0"
"USC00106152","MOSCOW U OF I, ID US","1939-08","0.00",",T,,0"
"USC00106152","MOSCOW U OF I, ID US","1939-09","0.36",",,,0"
"USC00106152","MOSCOW U OF I, ID US","1939-10","1.12",",,,0"
"USC00106152","MOSCOW U OF I, ID US","1939-11","0.34",",,,0"
"USC00106152","MOSCOW U OF I, ID US","1939-12","3.52",",,,0"
"USC00106152","MOSCOW U OF I, ID US","1940-01","2.19",",,,0"
"USC00106152","MOSCOW U OF I, ID US","1940-02","4.06",",,,0"
"USC00106152","MOSCOW U OF I, ID US","1940-03","2.38",",,,0"
"USC00106152","MOSCOW U OF I, ID US","1940-04","2.60",",,,0"
"USC00106152","MOSCOW U OF I, ID US","1940-05","0.72",",,,0"
"USC00106152","MOSCOW U OF I, ID US","1940-06","0.36",",,,0"
"USC00106152","MOSCOW U OF I, ID US","1940-07","1.46",",,,0"
"USC00106152","MOSCOW U OF I, ID US","1940-08","0.00",",T,,0"
"USC00106152","MOSCOW U OF I, ID US","1940-09","4.21",",,,0"
"USC00106152","MOSCOW U OF I, ID US","1940-10","4.51",",,,0"
"USC00106152","MOSCOW U OF I, ID US","1940-11","3.42",",,,0"
"USC00106152","MOSCOW U OF I, ID US","1940-12","2.55",",,,0"
"USC00106152","MOSCOW U OF I, ID US","1941-01","1.79",",,,0"
"USC00106152","MOSCOW U OF I, ID US","1941-02","1.13",",,,0"
"USC00106152","MOSCOW U OF I, ID US","1941-03","1.18",",,,0"
"USC00106152","MOSCOW U OF I, ID US","1941-04","2.29",",,,0"
"USC00106152","MOSCOW U OF I, ID US","1941-05","4.41",",,,0"
"USC00106152","MOSCOW U OF I, ID US","1941-06","3.44",",,,0"
"USC00106152","MOSCOW U OF I, ID US","1941-07","0.30",",,,0"
"USC00106152","MOSCOW U OF I, ID US","1941-08","0.83",",,,0"
"USC00106152","MOSCOW U OF I, ID US","1941-09","2.68",",,,0"
"USC00106152","MOSCOW U OF I, ID US","1941-10","0.98",",,,0"
"USC00106152","MOSCOW U OF I, ID US","1941-11","2.80",",,,0"
"USC00106152","MOSCOW U OF I, ID US","1941-12","3.81",",,,0"
"USC00106152","MOSCOW U OF I, ID US","1942-01","1.19",",,,0"
"USC00106152","MOSCOW U OF I, ID US","1942-02","1.28",",,,0"
"USC00106152","MOSCOW U OF I, ID US","1942-03","1.31",",,,0"
"USC00106152","MOSCOW U OF I, ID US","1942-04","1.35",",,,0"
"USC00106152","MOSCOW U OF I, ID US","1942-05","2.14",",,,0"
"USC00106152","MOSCOW U OF I, ID US","1942-06","1.64",",,,0"
"USC00106152","MOSCOW U OF I, ID US","1942-07","0.77",",,,0"
"USC00106152","MOSCOW U OF I, ID US","1942-08","0.05",",,,0"
"USC00106152","MOSCOW U OF I, ID US","1942-09","0.38",",,,0"
"USC00106152","MOSCOW U OF I, ID US","1942-10","1.98",",,,0"
"USC00106152","MOSCOW U OF I, ID US","1942-11","4.30",",,,0"
"USC00106152","MOSCOW U OF I, ID US","1942-12","3.96",",,,0"
"USC00106152","MOSCOW U OF I, ID US","1943-01","2.56",",,,0"
"USC00106152","MOSCOW U OF I, ID US","1943-02","1.74",",,,0"
"USC00106152","MOSCOW U OF I, ID US","1943-03","2.20",",,,0"
"USC00106152","MOSCOW U OF I, ID US","1943-04","1.20",",,,0"
"USC00106152","MOSCOW U OF I, ID US","1943-05","1.70",",,,0"
"USC00106152","MOSCOW U OF I, ID US","1943-06","2.21",",,,0"
"USC00106152","MOSCOW U OF I, ID US","1943-07","0.73",",,,0"
"USC00106152","MOSCOW U OF I, ID US","1943-08","0.47",",,,0"
"USC00106152","MOSCOW U OF I, ID US","1943-09","0.50",",,,0"
"USC00106152","MOSCOW U OF I, ID US","1943-10","2.85",",,,0"
"USC00106152","MOSCOW U OF I, ID US","1943-11","1.06",",,,0"
"USC00106152","MOSCOW U OF I, ID US","1943-12","1.54",",,,0"
"USC00106152","MOSCOW U OF I, ID US","1944-01","0.67",",,,0"
"USC00106152","MOSCOW U OF I, ID US","1944-02","2.18",",,,0"
"USC00106152","MOSCOW U OF I, ID US","1944-03","1.01",",,,0"
"USC00106152","MOSCOW U OF I, ID US","1944-04","2.86",",,,0"
"USC00106152","MOSCOW U OF I, ID US","1944-05","0.70",",,,0"
"USC00106152","MOSCOW U OF I, ID US","1944-06","1.96",",,,0"
"USC00106152","MOSCOW U OF I, ID US","1944-07","0.00",",T,,0"
"USC00106152","MOSCOW U OF I, ID US","1944-08","0.81",",,,0"
"USC00106152","MOSCOW U OF I, ID US","1944-09","0.96",",,,0"
"USC00106152","MOSCOW U OF I, ID US","1944-10","0.65",",,,0"
"USC00106152","MOSCOW U OF I, ID US","1944-11","1.21",",,,0"
"USC00106152","MOSCOW U OF I, ID US","1944-12","0.94","1,,,0"
"USC00106152","MOSCOW U OF I, ID US","1945-01","2.43",",,,0"
"USC00106152","MOSCOW U OF I, ID US","1945-02","1.65",",,,0"
"USC00106152","MOSCOW U OF I, ID US","1945-03","3.06",",,,0"
"USC00106152","MOSCOW U OF I, ID US","1945-04","1.56",",,,0"
"USC00106152","MOSCOW U OF I, ID US","1945-05","2.74",",,,0"
"USC00106152","MOSCOW U OF I, ID US","1945-06","1.78",",,,0"
"USC00106152","MOSCOW U OF I, ID US","1945-07","0.01",",,,0"
"USC00106152","MOSCOW U OF I, ID US","1945-08","0.56",",,,0"
"USC00106152","MOSCOW U OF I, ID US","1945-09","3.21",",,,0"
"USC00106152","MOSCOW U OF I, ID US","1945-10","0.95",",,,0"
"USC00106152","MOSCOW U OF I, ID US","1945-11","3.61","1,,,0"
"USC00106152","MOSCOW U OF I, ID US","1945-12","3.07","2,,,0"
"USC00106152","MOSCOW U OF I, ID US","1946-01","3.65",",,,0"
"USC00106152","MOSCOW U OF I, ID US","1946-02","1.97",",,,0"
"USC00106152","MOSCOW U OF I, ID US","1946-03","2.03","1,,,0"
"USC00106152","MOSCOW U OF I, ID US","1946-04","1.13",",,,0"
"USC00106152","MOSCOW U OF I, ID US","1946-05","1.03",",,,0"
"USC00106152","MOSCOW U OF I, ID US","1946-06","1.97",",,,0"
"USC00106152","MOSCOW U OF I, ID US","1946-07","0.18",",,,0"
"USC00106152","MOSCOW U OF I, ID US","1946-08","0.37",",,,0"
"USC00106152","MOSCOW U OF I, ID US","1946-09","1.48",",,,0"
"USC00106152","MOSCOW U OF I, ID US","1946-10","2.31",",,,0"
"USC00106152","MOSCOW U OF I, ID US","1946-11","3.39",",,,0"
"USC00106152","MOSCOW U OF I, ID US","1946-12","2.72",",,,0"
"USC00106152","MOSCOW U OF I, ID US","1947-01","2.69",",,,0"
"USC00106152","MOSCOW U OF I, ID US","1947-02","1.53",",,,0"
"USC00106152","MOSCOW U OF I, ID US","1947-03","1.24",",,,0"
"USC00106152","MOSCOW U OF I, ID US","1947-04","2.22",",,,0"
"USC00106152","MOSCOW U OF I, ID US","1947-05","0.37",",,,0"
"USC00106152","MOSCOW U OF I, ID US","1947-06","2.06",",,,0"
"USC00106152","MOSCOW U OF I, ID US","1947-07","0.18",",,,0"
"USC00106152","MOSCOW U OF I, ID US","1947-08","0.19",",,,0"
"USC00106152","MOSCOW U OF I, ID US","1947-09","3.81",",,,0"
"USC00106152","MOSCOW U OF I, ID US","1947-10","3.89",",,,0"
"USC00106152","MOSCOW U OF I, ID US","1947-11","3.27",",,,0"
"USC00106152","MOSCOW U OF I, ID US","1947-12","2.52",",,,0"
"USC00106152","MOSCOW U OF I, ID US","1948-01","3.04",",,,0"
"USC00106152","MOSCOW U OF I, ID US","1948-02","3.94",",,,0"
"USC00106152","MOSCOW U OF I, ID US","1948-03","1.31",",,,0"
"USC00106152","MOSCOW U OF I, ID US","1948-04","3.37",",,,0"
"USC00106152","MOSCOW U OF I, ID US","1948-05","6.98",",,,0"
"USC00106152","MOSCOW U OF I, ID US","1948-06","1.87",",,,0"
"USC00106152","MOSCOW U OF I, ID US","1948-07","2.40",",,,0"
"USC00106152","MOSCOW U OF I, ID US","1948-08","0.10",",,,0"
"USC00106152","MOSCOW U OF I, ID US","1948-09","0.96",",,,0"
"USC00106152","MOSCOW U OF I, ID US","1948-10","0.68",",,,0"
"USC00106152","MOSCOW U OF I, ID US","1948-11","4.43",",,,0"
"USC00106152","MOSCOW U OF I, ID US","1948-12","4.94",",,,0"
"USC00106152","MOSCOW U OF I, ID US","1949-01","1.20",",,,0"
"USC00106152","MOSCOW U OF I, ID US","1949-02","3.80",",,,0"
"USC00106152","MOSCOW U OF I, ID US","1949-03","1.92",",,,0"
"USC00106152","MOSCOW U OF I, ID US","1949-04","1.04",",,,0"
"USC00106152","MOSCOW U OF I, ID US","1949-05","1.29",",,,0"
"USC00106152","MOSCOW U OF I, ID US","1949-06","0.46",",,,0"
"USC00106152","MOSCOW U OF I, ID US","1949-07","0.48",",,,0"
"USC00106152","MOSCOW U OF I, ID US","1949-08","0.26",",,,0"
"USC00106152","MOSCOW U OF I, ID US","1949-09","1.27",",,,0"
"USC00106152","MOSCOW U OF I, ID US","1949-10","1.75",",,,0"
"USC00106152","MOSCOW U OF I, ID US","1949-11","2.22",",,,0"
"USC00106152","MOSCOW U OF I, ID US","1949-12","2.77",",,,0"
"USC00106152","MOSCOW U OF I, ID US","1950-01","4.08",",,,0"
"USC00106152","MOSCOW U OF I, ID US","1950-02","2.99",",,,0"
"USC00106152","MOSCOW U OF I, ID US","1950-03","3.79",",,,0"
"USC00106152","MOSCOW U OF I, ID US","1950-04","1.03",",,,0"
"USC00106152","MOSCOW U OF I, ID US","1950-06","3.43","3,,,0"
"USC00106152","MOSCOW U OF I, ID US","1950-07","0.29",",,,0"
"USC00106152","MOSCOW U OF I, ID US","1950-08","0.44",",,,0"
"USC00106152","MOSCOW U OF I, ID US","1950-09","0.32",",,,0"
"USC00106152","MOSCOW U OF I, ID US","1950-10","4.06",",,,0"
"USC00106152","MOSCOW U OF I, ID US","1950-11","2.99",",,,0"
"USC00106152","MOSCOW U OF I, ID US","1950-12","2.78",",,,0"
"USC00106152","MOSCOW U OF I, ID US","1951-01","2.19",",,,0"
"USC00106152","MOSCOW U OF I, ID US","1951-02","1.65",",,,0"
"USC00106152","MOSCOW U OF I, ID US","1951-03","1.21",",,,0"
"USC00106152","MOSCOW U OF I, ID US","1951-04","0.36",",,,0"
"USC00106152","MOSCOW U OF I, ID US","1951-05","1.04",",,,0"
"USC00106152","MOSCOW U OF I, ID US","1951-06","2.08",",,,0"
"USC00106152","MOSCOW U OF I, ID US","1951-07","0.54",",,,0"
"USC00106152","MOSCOW U OF I, ID US","1951-08","0.68",",,,0"
"USC00106152","MOSCOW U OF I, ID US","1951-09","0.59",",,,0"
"USC00106152","MOSCOW U OF I, ID US","1951-10","3.76",",,,0"
"USC00106152","MOSCOW U OF I, ID US","1951-11","1.97",",,,0"
"USC00106152","MOSCOW U OF I, ID US","1951-12","5.07",",,,0"
"USC00106152","MOSCOW U OF I, ID US","1952-01","1.67",",,,0"
"USC00106152","MOSCOW U OF I, ID US","1952-02","1.62",",,,0"
"USC00106152","MOSCOW U OF I, ID US","1952-03","1.77",",,,0"
"USC00106152","MOSCOW U OF I, ID US","1952-04","1.30",",,,0"
"USC00106152","MOSCOW U OF I, ID US","1952-05","1.52",",,,0"
"USC00106152","MOSCOW U OF I, ID US","1952-06","2.74",",,,0"
"USC00106152","MOSCOW U OF I, ID US","1952-07","0.20",",,,0"
"USC00106152","MOSCOW U OF I, ID US","1952-08","0.23",",,,0"
"USC00106152","MOSCOW U OF I, ID US","1952-09","1.23",",,,0"
"USC00106152","MOSCOW U OF I, ID US","1952-10","0.04",",,,0"
"USC00106152","MOSCOW U OF I, ID US","1952-11","0.41",",,,0"
"USC00106152","MOSCOW U OF I, ID US","1952-12","2.04",",,,0"
"USC00106152","MOSCOW U OF I, ID US","1953-01","7.03",",,,0"
"USC00106152","MOSCOW U OF I, ID US","1953-02","2.63",",,,0"
"USC00106152","MOSCOW U OF I, ID US","1953-03","1.76",",,,0"
"USC00106152","MOSCOW U OF I, ID US","1953-04","1.44",",,,0"
"USC00106152","MOSCOW U OF I, ID US","1953-05","1.77",",,,0"
"USC00106152","MOSCOW U OF I, ID US","1953-06","1.28",",,,0"
"USC00106152","MOSCOW U OF I, ID US","1953-07","0.00",",T,,0"
"USC00106152","MOSCOW U OF I, ID US","1953-08","1.27",",,,0"
"USC00106152","MOSCOW U OF I, ID US","1953-09","0.29",",,,0"
"USC00106152","MOSCOW U OF I, ID US","1953-10","0.26",",,,0"
"USC00106152","MOSCOW U OF I, ID US","1953-11","3.41",",,,0"
"USC00106152","MOSCOW U OF I, ID US","1953-12","3.73",",,,0"
"USC00106152","MOSCOW U OF I, ID US","1954-01","4.01",",,,0"
"USC00106152","MOSCOW U OF I, ID US","1954-02","0.86",",,,0"
"USC00106152","MOSCOW U OF I, ID US","1954-03","1.40",",,,0"
"USC00106152","MOSCOW U OF I, ID US","1954-04","1.65",",,,0"
"USC00106152","MOSCOW U OF I, ID US","1954-05","1.63",",,,0"
"USC00106152","MOSCOW U OF I, ID US","1954-06","1.63",",,,0"
"USC00106152","MOSCOW U OF I, ID US","1954-07","1.04",",,,0"
"USC00106152","MOSCOW U OF I, ID US","1954-08","2.51",",,,0"
"USC00106152","MOSCOW U OF I, ID US","1954-09","1.22",",,,0"
"USC00106152","MOSCOW U OF I, ID US","1954-10","0.96",",,,0"
"USC00106152","MOSCOW U OF I, ID US","1954-11","1.93",",,,0"
"USC00106152","MOSCOW U OF I, ID US","1954-12","2.75",",,,0"
"USC00106152","MOSCOW U OF I, ID US","1955-01","1.11",",,,0"
"USC00106152","MOSCOW U OF I, ID US","1955-02","1.24",",,,0"
"USC00106152","MOSCOW U OF I, ID US","1955-03","1.80",",,,0"
"USC00106152","MOSCOW U OF I, ID US","1955-04","2.07",",,,0"
"USC00106152","MOSCOW U OF I, ID US","1955-05","0.91",",,,0"
"USC00106152","MOSCOW U OF I, ID US","1955-06","0.79",",,,0"
"USC00106152","MOSCOW U OF I, ID US","1955-07","1.80",",,,0"
"USC00106152","MOSCOW U OF I, ID US","1955-08","0.03",",,,0"
"USC00106152","MOSCOW U OF I, ID US","1955-09","2.00",",,,0"
"USC00106152","MOSCOW U OF I, ID US","1955-10","3.65",",,,0"
"USC00106152","MOSCOW U OF I, ID US","1955-11","3.98",",,,0"
"USC00106152","MOSCOW U OF I, ID US","1955-12","3.59",",,,0"
"USC00106152","MOSCOW U OF I, ID US","1956-01","3.50",",,,0"
"USC00106152","MOSCOW U OF I, ID US","1956-02","1.93",",,,0"
"USC00106152","MOSCOW U OF I, ID US","1956-03","2.12",",,,0"
"USC00106152","MOSCOW U OF I, ID US","1956-04","0.14",",,,0"
"USC00106152","MOSCOW U OF I, ID US","1956-05","3.04",",,,0"
"USC00106152","MOSCOW U OF I, ID US","1956-06","1.84",",,,0"
"USC00106152","MOSCOW U OF I, ID US","1956-07","1.05",",,,0"
"USC00106152","MOSCOW U OF I, ID US","1956-08","1.52",",,,0"
"USC00106152","MOSCOW U OF I, ID US","1956-09","0.33",",,,0"
"USC00106152","MOSCOW U OF I, ID US","1956-10","2.24",",,,0"
"USC00106152","MOSCOW U OF I, ID US","1956-11","1.13",",,,0"
"USC00106152","MOSCOW U OF I, ID US","1956-12","2.76",",,,0"
"USC00106152","MOSCOW U OF I, ID US","1957-01","1.87",",,,0"
"USC00106152","MOSCOW U OF I, ID US","1957-02","1.70",",,,0"
"USC00106152","MOSCOW U OF I, ID US","1957-03","2.37",",,,0"
"USC00106152","MOSCOW U OF I, ID US","1957-04","1.56",",,,0"
"USC00106152","MOSCOW U OF I, ID US","1957-05","3.05",",,,0"
"USC00106152","MOSCOW U OF I, ID US","1957-06","1.70",",,,0"
"USC00106152","MOSCOW U OF I, ID US","1957-07","0.00",",,,0"
"USC00106152","MOSCOW U OF I, ID US","1957-08","0.37",",,,0"
"USC00106152","MOSCOW U OF I, ID US","1957-09","0.19",",,,0"
"USC00106152","MOSCOW U OF I, ID US","1957-10","2.66",",,,0"
"USC00106152","MOSCOW U OF I, ID US","1957-11","1.92",",,,0"
"USC00106152","MOSCOW U OF I, ID US","1957-12","2.93",",,,0"
"USC00106152","MOSCOW U OF I, ID US","1958-01","2.71",",,,0"
"USC00106152","MOSCOW U OF I, ID US","1958-02","2.87",",,,0"
"USC00106152","MOSCOW U OF I, ID US","1958-03","1.27",",,,0"
"USC00106152","MOSCOW U OF I, ID US","1958-04","4.60",",,,0"
"USC00106152","MOSCOW U OF I, ID US","1958-05","0.47",",,,0"
"USC00106152","MOSCOW U OF I, ID US","1958-06","1.91",",,,0"
"USC00106152","MOSCOW U OF I, ID US","1958-07","0.82",",,,0"
"USC00106152","MOSCOW U OF I, ID US","1958-08","0.07",",,,0"
"USC00106152","MOSCOW U OF I, ID US","1958-09","0.50",",,,0"
"USC00106152","MOSCOW U OF I, ID US","1958-10","1.61",",,,0"
"USC00106152","MOSCOW U OF I, ID US","1958-11","4.83",",,,0"
"USC00106152","MOSCOW U OF I, ID US","1958-12","4.12",",,,0"
"USC00106152","MOSCOW U OF I, ID US","1959-01","4.77",",,,0"
"USC00106152","MOSCOW U OF I, ID US","1959-02","2.19",",,,0"
"USC00106152","MOSCOW U OF I, ID US","1959-03","0.99",",,,0"
"USC00106152","MOSCOW U OF I, ID US","1959-04","1.22",",,,0"
"USC00106152","MOSCOW U OF I, ID US","1959-05","2.20",",,,0"
"USC00106152","MOSCOW U OF I, ID US","1959-06","1.95",",,,0"
"USC00106152","MOSCOW U OF I, ID US","1959-07","0.20",",,,0"
"USC00106152","MOSCOW U OF I, ID US","1959-08","1.37",",,,0"
"USC00106152","MOSCOW U OF I, ID US","1959-09","2.95",",,,0"
"USC00106152","MOSCOW U OF I, ID US","1959-10","1.85",",,,0"
"USC00106152","MOSCOW U OF I, ID US","1959-11","2.15",",,,0"
"USC00106152","MOSCOW U OF I, ID US","1959-12","0.77",",,,0"
"USC00106152","MOSCOW U OF I, ID US","1960-01","1.22",",,,0"
"USC00106152","MOSCOW U OF I, ID US","1960-02","2.20",",,,0"
"USC00106152","MOSCOW U OF I, ID US","1960-03","2.20",",,,0"
"USC00106152","MOSCOW U OF I, ID US","1960-04","1.89",",,,0"
"USC00106152","MOSCOW U OF I, ID US","1960-05","1.83",",,,0"
"USC00106152","MOSCOW U OF I, ID US","1960-06","0.90",",,,0"
"USC00106152","MOSCOW U OF I, ID US","1960-07","0.00",",,,0"
"USC00106152","MOSCOW U OF I, ID US","1960-08","1.71",",,,0"
"USC00106152","MOSCOW U OF I, ID US","1960-09","0.76",",,,0"
"USC00106152","MOSCOW U OF I, ID US","1960-10","2.37",",,,0"
"USC00106152","MOSCOW U OF I, ID US","1960-11","3.91",",,,0"
"USC00106152","MOSCOW U OF I, ID US","1960-12","2.45",",,,0"
"USC00106152","MOSCOW U OF I, ID US","1961-01","1.85",",,,0"
"USC00106152","MOSCOW U OF I, ID US","1961-02","5.38",",,,0"
"USC00106152","MOSCOW U OF I, ID US","1961-03","2.22",",,,0"
"USC00106152","MOSCOW U OF I, ID US","1961-04","1.90",",,,0"
"USC00106152","MOSCOW U OF I, ID US","1961-05","2.34",",,,0"
"USC00106152","MOSCOW U OF I, ID US","1961-06","0.82",",,,0"
"USC00106152","MOSCOW U OF I, ID US","1961-07","0.22",",,,0"
"USC00106152","MOSCOW U OF I, ID US","1961-08","0.71",",,,0"
"USC00106152","MOSCOW U OF I, ID US","1961-09","0.41",",,,0"
"USC00106152","MOSCOW U OF I, ID US","1961-10","1.73",",,,0"
"USC00106152","MOSCOW U OF I, ID US","1961-11","3.37",",,,0"
"USC00106152","MOSCOW U OF I, ID US","1961-12","2.98",",,,0"
"USC00106152","MOSCOW U OF I, ID US","1962-01","1.01",",,,0"
"USC00106152","MOSCOW U OF I, ID US","1962-02","1.21",",,,0"
"USC00106152","MOSCOW U OF I, ID US","1962-03","3.02",",,,0"
"USC00106152","MOSCOW U OF I, ID US","1962-04","2.39",",,,0"
"USC00106152","MOSCOW U OF I, ID US","1962-05","2.07",",,,0"
"USC00106152","MOSCOW U OF I, ID US","1962-06","0.42",",,,0"
"USC00106152","MOSCOW U OF I, ID US","1962-07","0.19",",,,0"
"USC00106152","MOSCOW U OF I, ID US","1962-08","0.67",",,,0"
"USC00106152","MOSCOW U OF I, ID US","1962-09","1.91",",,,0"
"USC00106152","MOSCOW U OF I, ID US","1962-10","2.68",",,,0"
"USC00106152","MOSCOW U OF I, ID US","1962-11","2.52",",,,0"
"USC00106152","MOSCOW U OF I, ID US","1962-12","3.35",",,,0"
"USC00106152","MOSCOW U OF I, ID US","1963-01","0.54",",a,,0"
"USC00106152","MOSCOW U OF I, ID US","1963-02","2.35",",,,0"
"USC00106152","MOSCOW U OF I, ID US","1963-03","2.33",",,,0"
"USC00106152","MOSCOW U OF I, ID US","1963-04","2.61",",,,0"
"USC00106152","MOSCOW U OF I, ID US","1963-05","0.90",",,,0"
"USC00106152","MOSCOW U OF I, ID US","1963-06","1.73",",,,0"
"USC00106152","MOSCOW U OF I, ID US","1963-07","0.38",",,,0"
"USC00106152","MOSCOW U OF I, ID US","1963-08","0.74",",,,0"
"USC00106152","MOSCOW U OF I, ID US","1963-09","1.73",",,,0"
"USC00106152","MOSCOW U OF I, ID US","1963-10","1.35",",,,0"
"USC00106152","MOSCOW U OF I, ID US","1963-11","3.66",",,,0"
"USC00106152","MOSCOW U OF I, ID US","1963-12","1.97",",,,0"
"USC00106152","MOSCOW U OF I, ID US","1964-01","7.25",",,,0"
"USC00106152","MOSCOW U OF I, ID US","1964-02","1.14",",,,0"
"USC00106152","MOSCOW U OF I, ID US","1964-03","1.37",",,,0"
"USC00106152","MOSCOW U OF I, ID US","1964-04","1.27",",,,0"
"USC00106152","MOSCOW U OF I, ID US","1964-05","1.27",",,,0"
"USC00106152","MOSCOW U OF I, ID US","1964-06","2.73",",,,0"
"USC00106152","MOSCOW U OF I, ID US","1964-07","1.54",",,,0"
"USC00106152","MOSCOW U OF I, ID US","1964-08","1.20",",,,0"
"USC00106152","MOSCOW U OF I, ID US","1964-09","0.99",",,,0"
"USC00106152","MOSCOW U OF I, ID US","1964-10","0.89",",,,0"
"USC00106152","MOSCOW U OF I, ID US","1964-11","6.81",",,,0"
"USC00106152","MOSCOW U OF I, ID US","1964-12","5.09",",,,0"
"USC00106152","MOSCOW U OF I, ID US","1965-01","3.48",",,,0"
"USC00106152","MOSCOW U OF I, ID US","1965-02","1.10",",,,0"
"USC00106152","MOSCOW U OF I, ID US","1965-03","0.80",",,,0"
"USC00106152","MOSCOW U OF I, ID US","1965-04","2.81",",,,0"
"USC00106152","MOSCOW U OF I, ID US","1965-05","1.08",",,,0"
"USC00106152","MOSCOW U OF I, ID US","1965-06","2.24",",,,0"
"USC00106152","MOSCOW U OF I, ID US","1965-07","0.47",",,,0"
"USC00106152","MOSCOW U OF I, ID US","1965-08","1.44",",,,0"
"USC00106152","MOSCOW U OF I, ID US","1965-09","0.36",",,,0"
"USC00106152","MOSCOW U OF I, ID US","1965-10","0.35",",,,0"
"USC00106152","MOSCOW U OF I, ID US","1965-11","1.64",",,,0"
"USC00106152","MOSCOW U OF I, ID US","1965-12","0.89",",,,0"
"USC00106152","MOSCOW U OF I, ID US","1966-01","3.34",",,,0"
"USC00106152","MOSCOW U OF I, ID US","1966-02","1.32",",,,0"
"USC00106152","MOSCOW U OF I, ID US","1966-03","2.33",",,,0"
"USC00106152","MOSCOW U OF I, ID US","1966-04","0.46",",,,0"
"USC00106152","MOSCOW U OF I, ID US","1966-05","0.72",",,,0"
"USC00106152","MOSCOW U OF I, ID US","1966-06","1.00",",,,0"
"USC00106152","MOSCOW U OF I, ID US","1966-07","0.69",",,,0"
"USC00106152","MOSCOW U OF I, ID US","1966-08","0.41",",,,0"
"USC00106152","MOSCOW U OF I, ID US","1966-09","0.06",",,,0"
"USC00106152","MOSCOW U OF I, ID US","1966-10","1.31",",,,0"
"USC00106152","MOSCOW U OF I, ID US","1966-11","3.58",",,,0"
"USC00106152","MOSCOW U OF I, ID US","1966-12","3.75",",,,0"
"USC00106152","MOSCOW U OF I, ID US","1967-01","3.46",",,,0"
"USC00106152","MOSCOW U OF I, ID US","1967-02","0.35",",,,0"
"USC00106152","MOSCOW U OF I, ID US","1967-03","1.57",",,,0"
"USC00106152","MOSCOW U OF I, ID US","1967-04","2.76",",,,0"
"USC00106152","MOSCOW U OF I, ID US","1967-05","1.94",",,,0"
"USC00106152","MOSCOW U OF I, ID US","1967-06","2.06",",,,0"
"USC00106152","MOSCOW U OF I, ID US","1967-07","0.04",",,,0"
"USC00106152","MOSCOW U OF I, ID US","1967-08","0.00",",,,0"
"USC00106152","MOSCOW U OF I, ID US","1967-09","0.53",",,,0"
"USC00106152","MOSCOW U OF I, ID US","1967-10","3.27",",,,0"
"USC00106152","MOSCOW U OF I, ID US","1967-11","0.76","2,,,0"
"USC00106152","MOSCOW U OF I, ID US","1967-12","3.49",",,,0"
"USC00106152","MOSCOW U OF I, ID US","1968-01","0.96",",,,0"
"USC00106152","MOSCOW U OF I, ID US","1968-02","4.33",",,,0"
"USC00106152","MOSCOW U OF I, ID US","1968-03","1.81",",,,0"
"USC00106152","MOSCOW U OF I, ID US","1968-04","0.83","1,,,0"
"USC00106152","MOSCOW U OF I, ID US","1968-05","1.57",",,,0"
"USC00106152","MOSCOW U OF I, ID US","1968-06","1.45",",,,0"
"USC00106152","MOSCOW U OF I, ID US","1968-07","0.65",",,,0"
"USC00106152","MOSCOW U OF I, ID US","1968-08","1.76",",,,0"
"USC00106152","MOSCOW U OF I, ID US","1968-09","2.89",",,,0"
"USC00106152","MOSCOW U OF I, ID US","1968-10","3.30",",,,0"
"USC00106152","MOSCOW U OF I, ID US","1968-11","4.05",",,,0"
"USC00106152","MOSCOW U OF I, ID US","1968-12","3.58",",,,0"
"USC00106152","MOSCOW U OF I, ID US","1969-01","4.83",",,,0"
"USC00106152","MOSCOW U OF I, ID US","1969-02","0.68",",,,0"
"USC00106152","MOSCOW U OF I, ID US","1969-03","0.83",",,,0"
"USC00106152","MOSCOW U OF I, ID US","1969-04","3.89",",,,0"
"USC00106152","MOSCOW U OF I, ID US","1969-05","1.56",",,,0"
"USC00106152","MOSCOW U OF I, ID US","1969-06","1.05",",,,0"
"USC00106152","MOSCOW U OF I, ID US","1969-07","0.06",",,,0"
"USC00106152","MOSCOW U OF I, ID US","1969-08","0.00",",,,0"
"USC00106152","MOSCOW U OF I, ID US","1969-09","1.41",",,,0"
"USC00106152","MOSCOW U OF I, ID US","1969-10","1.29","1,,,0"
"USC00106152","MOSCOW U OF I, ID US","1969-11","0.72",",,,0"
"USC00106152","MOSCOW U OF I, ID US","1969-12","3.69",",,,0"
"USC00106152","MOSCOW U OF I, ID US","1970-01","7.67",",,,0"
"USC00106152","MOSCOW U OF I, ID US","1970-02","2.72",",,,0"
"USC00106152","MOSCOW U OF I, ID US","1970-03","2.55",",,,0"
"USC00106152","MOSCOW U OF I, ID US","1970-04","1.53",",,,0"
"USC00106152","MOSCOW U OF I, ID US","1970-05","1.51",",,,0"
"USC00106152","MOSCOW U OF I, ID US","1970-06","2.58",",,,0"
"USC00106152","MOSCOW U OF I, ID US","1970-07","1.89",",,,0"
"USC00106152","MOSCOW U OF I, ID US","1970-08","0.16",",,,0"
"USC00106152","MOSCOW U OF I, ID US","1970-09","1.83",",,,0"
"USC00106152","MOSCOW U OF I, ID US","1970-10","2.51",",,,0"
"USC00106152","MOSCOW U OF I, ID US","1970-11","3.52",",,,0"
"USC00106152","MOSCOW U OF I, ID US","1970-12","2.32",",,,0"
"USC00106152","MOSCOW U OF I, ID US","1971-01","2.89",",,,0"
"USC00106152","MOSCOW U OF I, ID US","1971-02","1.98",",,,0"
"USC00106152","MOSCOW U OF I, ID US","1971-03","2.95",",,,0"
"USC00106152","MOSCOW U OF I, ID US","1971-04","2.06",",,,0"
"USC00106152","MOSCOW U OF I, ID US","1971-05","2.46",",,,0"
"USC00106152","MOSCOW U OF I, ID US","1971-06","4.81",",,,0"
"USC00106152","MOSCOW U OF I, ID US","1971-07","0.96",",,,0"
"USC00106152","MOSCOW U OF I, ID US","1971-08","1.60",",,,0"
"USC00106152","MOSCOW U OF I, ID US","1971-09","1.87",",,,0"
"USC00106152","MOSCOW U OF I, ID US","1971-10","2.22",",,,0"
"USC00106152","MOSCOW U OF I, ID US","1971-11","3.41",",,,0"
"USC00106152","MOSCOW U OF I, ID US","1971-12","3.09",",,,0"
"USC00106152","MOSCOW U OF I, ID US","1972-01","4.30",",,,0"
"USC00106152","MOSCOW U OF I, ID US","1972-02","3.87",",,,0"
"USC00106152","MOSCOW U OF I, ID US","1972-03","4.40",",,,0"
"USC00106152","MOSCOW U OF I, ID US","1972-04","2.02",",,,0"
"USC00106152","MOSCOW U OF I, ID US","1972-05","3.20",",,,0"
"USC00106152","MOSCOW U OF I, ID US","1972-06","0.99",",,,0"
"USC00106152","MOSCOW U OF I, ID US","1972-07","0.59",",,,0"
"USC00106152","MOSCOW U OF I, ID US","1972-08","0.91",",,,0"
"USC00106152","MOSCOW U OF I, ID US","1972-09","1.21",",,,0"
"USC00106152","MOSCOW U OF I, ID US","1972-10","1.62",",,,0"
"USC00106152","MOSCOW U OF I, ID US","1972-11","1.87",",,,0"
"USC00106152","MOSCOW U OF I, ID US","1972-12","5.86",",,,0"
"USC00106152","MOSCOW U OF I, ID US","1973-01","2.57",",,,0"
"USC00106152","MOSCOW U OF I, ID US","1973-02","0.94",",,,0"
"USC00106152","MOSCOW U OF I, ID US","1973-03","2.06",",,,0"
"USC00106152","MOSCOW U OF I, ID US","1973-04","0.50",",,,0"
"USC00106152","MOSCOW U OF I, ID US","1973-05","2.60",",,,0"
"USC00106152","MOSCOW U OF I, ID US","1973-06","0.84",",,,0"
"USC00106152","MOSCOW U OF I, ID US","1973-07","0.02",",,,0"
"USC00106152","MOSCOW U OF I, ID US","1973-08","0.13",",,,0"
"USC00106152","MOSCOW U OF I, ID US","1973-09","2.03",",,,0"
"USC00106152","MOSCOW U OF I, ID US","1973-10","1.60",",,,0"
"USC00106152","MOSCOW U OF I, ID US","1973-11","7.32",",,,0"
"USC00106152","MOSCOW U OF I, ID US","1973-12","6.91",",,,0"
"USC00106152","MOSCOW U OF I, ID US","1974-01","6.70",",,,0"
"USC00106152","MOSCOW U OF I, ID US","1974-02","2.93",",,,0"
"USC00106152","MOSCOW U OF I, ID US","1974-03","3.16",",,,0"
"USC00106152","MOSCOW U OF I, ID US","1974-04","2.19",",,,0"
"USC00106152","MOSCOW U OF I, ID US","1974-05","1.66",",,,0"
"USC00106152","MOSCOW U OF I, ID US","1974-06","2.30",",,,0"
"USC00106152","MOSCOW U OF I, ID US","1974-07","1.18",",,,0"
"USC00106152","MOSCOW U OF I, ID US","1974-08","0.06",",,,0"
"USC00106152","MOSCOW U OF I, ID US","1974-09","0.25",",,,0"
"USC00106152","MOSCOW U OF I, ID US","1974-10","0.06",",,,0"
"USC00106152","MOSCOW U OF I, ID US","1974-11","2.49",",,,0"
"USC00106152","MOSCOW U OF I, ID US","1974-12","2.98",",,,0"
"USC00106152","MOSCOW U OF I, ID US","1975-01","4.96",",,,0"
"USC00106152","MOSCOW U OF I, ID US","1975-02","2.93",",,,0"
"USC00106152","MOSCOW U OF I, ID US","1975-03","2.34",",,,0"
"USC00106152","MOSCOW U OF I, ID US","1975-04","2.97",",,,0"
"USC00106152","MOSCOW U OF I, ID US","1975-05","1.87",",,,0"
"USC00106152","MOSCOW U OF I, ID US","1975-06","1.76",",,,0"
"USC00106152","MOSCOW U OF I, ID US","1975-07","2.66",",,,0"
"USC00106152","MOSCOW U OF I, ID US","1975-08","2.82",",,,0"
"USC00106152","MOSCOW U OF I, ID US","1975-09","0.00",",T,,0"
"USC00106152","MOSCOW U OF I, ID US","1975-10","3.84",",,,0"
"USC00106152","MOSCOW U OF I, ID US","1975-11","3.26",",,,0"
"USC00106152","MOSCOW U OF I, ID US","1975-12","3.70",",,,0"
"USC00106152","MOSCOW U OF I, ID US","1976-01","1.87",",,,0"
"USC00106152","MOSCOW U OF I, ID US","1976-02","2.74",",,,0"
"USC00106152","MOSCOW U OF I, ID US","1976-03","2.47",",,,0"
"USC00106152","MOSCOW U OF I, ID US","1976-04","2.87",",,,0"
"USC00106152","MOSCOW U OF I, ID US","1976-05","2.91",",,,0"
"USC00106152","MOSCOW U OF I, ID US","1976-06","1.54",",,,0"
"USC00106152","MOSCOW U OF I, ID US","1976-07","0.84",",,,0"
"USC00106152","MOSCOW U OF I, ID US","1976-08","2.64",",,,0"
"USC00106152","MOSCOW U OF I, ID US","1976-09","0.06",",,,0"
"USC00106152","MOSCOW U OF I, ID US","1976-10","2.31",",,,0"
"USC00106152","MOSCOW U OF I, ID US","1976-11","0.93",",,,0"
"USC00106152","MOSCOW U OF I, ID US","1976-12","1.22",",,,0"
"USC00106152","MOSCOW U OF I, ID US","1977-01","0.77",",,,0"
"USC00106152","MOSCOW U OF I, ID US","1977-02","0.76",",,,0"
"USC00106152","MOSCOW U OF I, ID US","1977-03","1.68",",,,0"
"USC00106152","MOSCOW U OF I, ID US","1977-04","0.48",",,,0"
"USC00106152","MOSCOW U OF I, ID US","1977-05","2.87",",,,0"
"USC00106152","MOSCOW U OF I, ID US","1977-06","0.59",",,,0"
"USC00106152","MOSCOW U OF I, ID US","1977-07","0.67",",,,0"
"USC00106152","MOSCOW U OF I, ID US","1977-08","2.87",",,,0"
"USC00106152","MOSCOW U OF I, ID US","1977-09","2.51",",,,0"
"USC00106152","MOSCOW U OF I, ID US","1977-10","1.09",",,,0"
"USC00106152","MOSCOW U OF I, ID US","1977-11","3.91",",,,0"
"USC00106152","MOSCOW U OF I, ID US","1977-12","4.71",",,,0"
"USC00106152","MOSCOW U OF I, ID US","1978-01","3.04",",,,0"
"USC00106152","MOSCOW U OF I, ID US","1978-02","2.30",",,,0"
"USC00106152","MOSCOW U OF I, ID US","1978-03","1.63",",,,0"
"USC00106152","MOSCOW U OF I, ID US","1978-04","4.74",",,,0"
"USC00106152","MOSCOW U OF I, ID US","1978-05","2.24",",,,0"
"USC00106152","MOSCOW U OF I, ID US","1978-06","0.93",",,,0"
"USC00106152","MOSCOW U OF I, ID US","1978-07","1.05",",,,0"
"USC00106152","MOSCOW U OF I, ID US","1978-08","2.29",",,,0"
"USC00106152","MOSCOW U OF I, ID US","1978-09","1.56",",,,0"
"USC00106152","MOSCOW U OF I, ID US","1978-10","0.09",",,,0"
"USC00106152","MOSCOW U OF I, ID US","1978-11","1.92",",,,0"
"USC00106152","MOSCOW U OF I, ID US","1978-12","2.52",",,,0"
"USC00106152","MOSCOW U OF I, ID US","1979-01","1.08",",,,0"
"USC00106152","MOSCOW U OF I, ID US","1979-02","4.12",",,,0"
"USC00106152","MOSCOW U OF I, ID US","1979-03","2.06",",,,0"
"USC00106152","MOSCOW U OF I, ID US","1979-04","3.31",",,,0"
"USC00106152","MOSCOW U OF I, ID US","1979-05","2.82",",,,0"
"USC00106152","MOSCOW U OF I, ID US","1979-06","1.01",",,,0"
"USC00106152","MOSCOW U OF I, ID US","1979-07","0.49",",,,0"
"USC00106152","MOSCOW U OF I, ID US","1979-08","0.99",",,,0"
"USC00106152","MOSCOW U OF I, ID US","1979-09","0.41",",,,0"
"USC00106152","MOSCOW U OF I, ID US","1979-10","3.20",",,,0"
"USC00106152","MOSCOW U OF I, ID US","1979-11","2.86",",,,0"
"USC00106152","MOSCOW U OF I, ID US","1979-12","3.04",",,,0"
"USC00106152","MOSCOW U OF I, ID US","1980-01","3.65",",,,0"
"USC00106152","MOSCOW U OF I, ID US","1980-02","1.72",",,,0"
"USC00106152","MOSCOW U OF I, ID US","1980-03","2.38","1,,,0"
"USC00106152","MOSCOW U OF I, ID US","1980-04","1.51",",,,0"
"USC00106152","MOSCOW U OF I, ID US","1980-05","4.81",",,,0"
"USC00106152","MOSCOW U OF I, ID US","1980-06","1.99",",,,0"
"USC00106152","MOSCOW U OF I, ID US","1980-07","1.12",",,,0"
"USC00106152","MOSCOW U OF I, ID US","1980-08","1.00",",,,0"
"USC00106152","MOSCOW U OF I, ID US","1980-09","1.08",",,,0"
"USC00106152","MOSCOW U OF I, ID US","1980-10","0.75",",,,0"
"USC00106152","MOSCOW U OF I, ID US","1980-11","3.90",",,,0"
"USC00106152","MOSCOW U OF I, ID US","1980-12","3.89",",,,0"
"USC00106152","MOSCOW U OF I, ID US","1981-01","1.84",",,,0"
"USC00106152","MOSCOW U OF I, ID US","1981-02","3.34",",,,0"
"USC00106152","MOSCOW U OF I, ID US","1981-03","2.81",",,,0"
"USC00106152","MOSCOW U OF I, ID US","1981-04","3.01",",,,0"
"USC00106152","MOSCOW U OF I, ID US","1981-05","2.10",",,,0"
"USC00106152","MOSCOW U OF I, ID US","1981-06","3.43",",,,0"
"USC00106152","MOSCOW U OF I, ID US","1981-07","1.00",",,,0"
"USC00106152","MOSCOW U OF I, ID US","1981-08","0.01",",,,0"
"USC00106152","MOSCOW U OF I, ID US","1981-09","1.02",",,,0"
"USC00106152","MOSCOW U OF I, ID US","1981-10","2.81",",,,0"
"USC00106152","MOSCOW U OF I, ID US","1981-11","2.80",",,,0"
"USC00106152","MOSCOW U OF I, ID US","1981-12","4.63",",,,0"
"USC00106152","MOSCOW U OF I, ID US","1982-01","3.76",",,,0"
"USC00106152","MOSCOW U OF I, ID US","1982-02","3.20","1,,,0"
"USC00106152","MOSCOW U OF I, ID US","1982-03","2.70",",,,0"
"USC00106152","MOSCOW U OF I, ID US","1982-04","2.39",",,,0"
"USC00106152","MOSCOW U OF I, ID US","1982-05","1.53",",,,0"
"USC00106152","MOSCOW U OF I, ID US","1982-06","0.68",",,,0"
"USC00106152","MOSCOW U OF I, ID US","1982-07","1.98",",,,0"
"USC00106152","MOSCOW U OF I, ID US","1982-08","1.20",",,,0"
"USC00106152","MOSCOW U OF I, ID US","1982-09","2.38",",,,0"
"USC00106152","MOSCOW U OF I, ID US","1982-10","2.90",",,,0"
"USC00106152","MOSCOW U OF I, ID US","1982-11","2.30",",,,0"
"USC00106152","MOSCOW U OF I, ID US","1982-12","2.72",",,,0"
"USC00106152","MOSCOW U OF I, ID US","1983-01","2.81",",,,0"
"USC00106152","MOSCOW U OF I, ID US","1983-02","3.63",",,,0"
"USC00106152","MOSCOW U OF I, ID US","1983-03","4.07",",,,0"
"USC00106152","MOSCOW U OF I, ID US","1983-04","1.84",",,,0"
"USC00106152","MOSCOW U OF I, ID US","1983-05","2.23",",,,0"
"USC00106152","MOSCOW U OF I, ID US","1983-06","2.96",",,,0"
"USC00106152","MOSCOW U OF I, ID US","1983-07","1.91",",,,0"
"USC00106152","MOSCOW U OF I, ID US","1983-08","0.77",",,,0"
"USC00106152","MOSCOW U OF I, ID US","1983-09","1.20",",,,0"
"USC00106152","MOSCOW U OF I, ID US","1983-10","1.74",",,,0"
"USC00106152","MOSCOW U OF I, ID US","1983-11","5.95",",,,0"
"USC00106152","MOSCOW U OF I, ID US","1983-12","2.83",",,,0"
"USC00106152","MOSCOW U OF I, ID US","1984-01","2.17",",,,0"
"USC00106152","MOSCOW U OF I, ID US","1984-02","1.39",",,,0"
"USC00106152","MOSCOW U OF I, ID US","1984-03","2.65",",,,0"
"USC00106152","MOSCOW U OF I, ID US","1984-04","2.06",",,,0"
"USC00106152","MOSCOW U OF I, ID US","1984-05","2.49",",,,0"
"USC00106152","MOSCOW U OF I, ID US","1984-06","3.50",",,,0"
"USC00106152","MOSCOW U OF I, ID US","1984-07","0.66",",,,0"
"USC00106152","MOSCOW U OF I, ID US","1984-08","0.94",",,,0"
"USC00106152","MOSCOW U OF I, ID US","1984-09","1.05",",,,0"
"USC00106152","MOSCOW U OF I, ID US","1984-10","2.35",",,,0"
"USC00106152","MOSCOW U OF I, ID US","1984-11","5.03",",,,0"
"USC00106152","MOSCOW U OF I, ID US","1984-12","2.12",",,,0"
"USC00106152","MOSCOW U OF I, ID US","1985-01","0.45",",,,0"
"USC00106152","MOSCOW U OF I, ID US","1985-02","1.69",",,,0"
"USC00106152","MOSCOW U OF I, ID US","1985-03","1.50",",,,0"
"USC00106152","MOSCOW U OF I, ID US","1985-04","1.10",",,,0"
"USC00106152","MOSCOW U OF I, ID US","1985-05","1.76",",,,0"
"USC00106152","MOSCOW U OF I, ID US","1985-06","2.04",",,,0"
"USC00106152","MOSCOW U OF I, ID US","1985-07","0.11",",,,0"
"USC00106152","MOSCOW U OF I, ID US","1985-08","1.46",",,,0"
"USC00106152","MOSCOW U OF I, ID US","1985-09","3.76",",,,0"
"USC00106152","MOSCOW U OF I, ID US","1985-10","1.96",",,,0"
"USC00106152","MOSCOW U OF I, ID US","1985-11","2.22",",,,0"
"USC00106152","MOSCOW U OF I, ID US","1985-12","0.54",",,,0"
"USC00106152","MOSCOW U OF I, ID US","1986-01","4.41",",,,0"
"USC00106152","MOSCOW U OF I, ID US","1986-02","4.27",",,,0"
"USC00106152","MOSCOW U OF I, ID US","1986-03","2.28",",,,0"
"USC00106152","MOSCOW U OF I, ID US","1986-04","2.04",",,,0"
"USC00106152","MOSCOW U OF I, ID US","1986-05","2.80",",,,0"
"USC00106152","MOSCOW U OF I, ID US","1986-06","0.53",",,,0"
"USC00106152","MOSCOW U OF I, ID US","1986-07","1.31",",,,0"
"USC00106152","MOSCOW U OF I, ID US","1986-08","1.81",",,,0"
"USC00106152","MOSCOW U OF I, ID US","1986-09","3.44",",,,0"
"USC00106152","MOSCOW U OF I, ID US","1986-10","1.07",",,,0"
"USC00106152","MOSCOW U OF I, ID US","1986-11","4.45",",,,0"
"USC00106152","MOSCOW U OF I, ID US","1986-12","0.72",",,,0"
"USC00106152","MOSCOW U OF I, ID US","1987-01","1.80",",,,0"
"USC00106152","MOSCOW U OF I, ID US","1987-02","1.93",",,,0"
"USC00106152","MOSCOW U OF I, ID US","1987-03","2.52",",,,0"
"USC00106152","MOSCOW U OF I, ID US","1987-04","1.75",",,,0"
"USC00106152","MOSCOW U OF I, ID US","1987-05","2.43",",,,0"
"USC00106152","MOSCOW U OF I, ID US","1987-06","2.15",",,,0"
"USC00106152","MOSCOW U OF I, ID US","1987-07","2.90",",,,0"
"USC00106152","MOSCOW U OF I, ID US","1987-08","0.07",",,,0"
"USC00106152","MOSCOW U OF I, ID US","1987-09","0.00",",T,,0"
"USC00106152","MOSCOW U OF I, ID US","1987-10","0.00",",T,,0"
"USC00106152","MOSCOW U OF I, ID US","1987-11","1.09",",,,0"
"USC00106152","MOSCOW U OF I, ID US","1987-12","3.43",",,,0"
"USC00106152","MOSCOW U OF I, ID US","1988-01","2.18",",,,0"
"USC00106152","MOSCOW U OF I, ID US","1988-02","1.39",",,,0"
"USC00106152","MOSCOW U OF I, ID US","1988-03","3.82",",,,0"
"USC00106152","MOSCOW U OF I, ID US","1988-04","2.80",",,,0"
"USC00106152","MOSCOW U OF I, ID US","1988-05","2.23",",,,0"
"USC00106152","MOSCOW U OF I, ID US","1988-06","2.10",",,,0"
"USC00106152","MOSCOW U OF I, ID US","1988-07","1.62",",,,0"
"USC00106152","MOSCOW U OF I, ID US","1988-08","0.00",",T,,0"
"USC00106152","MOSCOW U OF I, ID US","1988-09","1.28",",,,0"
"USC00106152","MOSCOW U OF I, ID US","1988-10","0.72",",,,0"
"USC00106152","MOSCOW U OF I, ID US","1988-11","4.85",",,,0"
"USC00106152","MOSCOW U OF I, ID US","1988-12","1.28",",,,0"
"USC00106152","MOSCOW U OF I, ID US","1989-01","3.35",",,,0"
"USC00106152","MOSCOW U OF I, ID US","1989-02","1.18",",,,0"
"USC00106152","MOSCOW U OF I, ID US","1989-03","4.11",",,,0"
"USC00106152","MOSCOW U OF I, ID US","1989-04","1.04",",,,0"
"USC00106152","MOSCOW U OF I, ID US","1989-05","2.85",",,,0"
"USC00106152","MOSCOW U OF I, ID US","1989-06","1.46",",,,0"
"USC00106152","MOSCOW U OF I, ID US","1989-07","0.20",",,,0"
"USC00106152","MOSCOW U OF I, ID US","1989-08","5.03",",,,0"
"USC00106152","MOSCOW U OF I, ID US","1989-09","1.01",",,,0"
"USC00106152","MOSCOW U OF I, ID US","1989-10","2.17",",,,0"
"USC00106152","MOSCOW U OF I, ID US","1989-11","2.90",",,,0"
"USC00106152","MOSCOW U OF I, ID US","1989-12","1.56",",,,0"
"USC00106152","MOSCOW U OF I, ID US","1990-01","4.51",",,,0"
"USC00106152","MOSCOW U OF I, ID US","1990-02","1.28",",,,0"
"USC00106152","MOSCOW U OF I, ID US","1990-03","1.41",",,,0"
"USC00106152","MOSCOW U OF I, ID US","1990-04","3.70",",,,0"
"USC00106152","MOSCOW U OF I, ID US","1990-05","4.37",",,,0"
"USC00106152","MOSCOW U OF I, ID US","1990-06","1.63",",,,0"
"USC00106152","MOSCOW U OF I, ID US","1990-07","0.70",",,,0"
"USC00106152","MOSCOW U OF I, ID US","1990-08","1.12",",,,0"
"USC00106152","MOSCOW U OF I, ID US","1990-09","0.05",",,,0"
"USC00106152","MOSCOW U OF I, ID US","1990-10","4.22",",,,0"
"USC00106152","MOSCOW U OF I, ID US","1990-11","3.99",",,,0"
"USC00106152","MOSCOW U OF I, ID US","1990-12","1.57",",,,0"
"USC00106152","MOSCOW U OF I, ID US","1991-01","2.10",",,,0"
"USC00106152","MOSCOW U OF I, ID US","1991-02","1.43",",,,0"
"USC00106152","MOSCOW U OF I, ID US","1991-03","3.03",",,,0"
"USC00106152","MOSCOW U OF I, ID US","1991-04","2.39",",,,0"
"USC00106152","MOSCOW U OF I, ID US","1991-05","4.32",",,,0"
"USC00106152","MOSCOW U OF I, ID US","1991-06","2.68",",,,0"
"USC00106152","MOSCOW U OF I, ID US","1991-07","0.60",",,,0"
"USC00106152","MOSCOW U OF I, ID US","1991-08","0.18",",,,0"
"USC00106152","MOSCOW U OF I, ID US","1991-09","0.16",",,,0"
"USC00106152","MOSCOW U OF I, ID US","1991-10","0.76",",,,0"
"USC00106152","MOSCOW U OF I, ID US","1991-11","4.91",",,,0"
"USC00106152","MOSCOW U OF I, ID US","1991-12","1.92",",,,0"
"USC00106152","MOSCOW U OF I, ID US","1992-01","2.67",",,,0"
"USC00106152","MOSCOW U OF I, ID US","1992-02","2.94",",,,0"
"USC00106152","MOSCOW U OF I, ID US","1992-03","0.39",",,,0"
"USC00106152","MOSCOW U OF I, ID US","1992-04","3.04",",,,0"
"USC00106152","MOSCOW U OF I, ID US","1992-05","0.58",",,,0"
"USC00106152","MOSCOW U OF I, ID US","1992-06","1.39",",,,0"
"USC00106152","MOSCOW U OF I, ID US","1992-07","1.73",",,,0"
"USC00106152","MOSCOW U OF I, ID US","1992-08","2.43",",,,0"
"USC00106152","MOSCOW U OF I, ID US","1992-09","2.07",",,,0"
"USC00106152","MOSCOW U OF I, ID US","1992-10","0.98",",,,0"
"USC00106152","MOSCOW U OF I, ID US","1992-11","3.92",",,,0"
"USC00106152","MOSCOW U OF I, ID US","1992-12","1.48",",,,0"
"USC00106152","MOSCOW U OF I, ID US","1993-01","1.59",",,,0"
"USC00106152","MOSCOW U OF I, ID US","1993-02","0.85",",,,0"
"USC00106152","MOSCOW U OF I, ID US","1993-03","2.98",",,,0"
"USC00106152","MOSCOW U OF I, ID US","1993-04","5.17",",,,0"
"USC00106152","MOSCOW U OF I, ID US","1993-05","2.46",",,,0"
"USC00106152","MOSCOW U OF I, ID US","1993-06","1.84",",,,0"
"USC00106152","MOSCOW U OF I, ID US","1993-07","2.69",",,,0"
"USC00106152","MOSCOW U OF I, ID US","1993-08","0.73",",,,0"
"USC00106152","MOSCOW U OF I, ID US","1993-09","0.06",",,,0"
"USC00106152","MOSCOW U OF I, ID US","1993-10","1.59",",,,0"
"USC00106152","MOSCOW U OF I, ID US","1993-11","1.31",",,,0"
"USC00106152","MOSCOW U OF I, ID US","1993-12","2.41",",,,0"
"USC00106152","MOSCOW U OF I, ID US","1994-01","2.42",",,,0"
"USC00106152","MOSCOW U OF I, ID US","1994-02","1.32",",,,0"
"USC00106152","MOSCOW U OF I, ID US","1994-03","1.22",",,,0"
"USC00106152","MOSCOW U OF I, ID US","1994-04","2.58",",,,0"
"USC00106152","MOSCOW U OF I, ID US","1994-05","2.16",",,,0"
"USC00106152","MOSCOW U OF I, ID US","1994-06","1.68",",,,0"
"USC00106152","MOSCOW U OF I, ID US","1994-07","0.10",",,,0"
"USC00106152","MOSCOW U OF I, ID US","1994-08","0.07",",,,0"
"USC00106152","MOSCOW U OF I, ID US","1994-09","0.64",",,,0"
"USC00106152","MOSCOW U OF I, ID US","1994-10","4.51",",,,0"
"USC00106152","MOSCOW U OF I, ID US","1994-11","4.26",",,,0"
"USC00106152","MOSCOW U OF I, ID US","1994-12","3.19",",,,0"
"USC00106152","MOSCOW U OF I, ID US","1995-01","3.77",",,,0"
"USC00106152","MOSCOW U OF I, ID US","1995-02","2.64",",,,0"
"USC00106152","MOSCOW U OF I, ID US","1995-03","3.91",",,,0"
"USC00106152","MOSCOW U OF I, ID US","1995-04","2.26",",,,0"
"USC00106152","MOSCOW U OF I, ID US","1995-05","1.38",",,,0"
"USC00106152","MOSCOW U OF I, ID US","1995-06","3.56",",,,0"
"USC00106152","MOSCOW U OF I, ID US","1995-07","1.16",",,,0"
"USC00106152","MOSCOW U OF I, ID US","1995-08","1.75",",,,0"
"USC00106152","MOSCOW U OF I, ID US","1995-09","1.41",",,,0"
"USC00106152","MOSCOW U OF I, ID US","1995-10","3.24",",,,0"
"USC00106152","MOSCOW U OF I, ID US","1995-11","5.55",",,,0"
"USC00106152","MOSCOW U OF I, ID US","1995-12","4.26",",,,0"
"USC00106152","MOSCOW U OF I, ID US","1996-01","4.75",",,,0"
"USC00106152","MOSCOW U OF I, ID US","1996-02","6.09",",,,0"
"USC00106152","MOSCOW U OF I, ID US","1996-03","1.83",",,,0"
"USC00106152","MOSCOW U OF I, ID US","1996-04","5.70",",,,0"
"USC00106152","MOSCOW U OF I, ID US","1996-05","3.98",",,,0"
"USC00106152","MOSCOW U OF I, ID US","1996-06","0.69",",,,0"
"USC00106152","MOSCOW U OF I, ID US","1996-07","0.41",",,,0"
"USC00106152","MOSCOW U OF I, ID US","1996-08","0.09",",,,0"
"USC00106152","MOSCOW U OF I, ID US","1996-09","1.29",",,,0"
"USC00106152","MOSCOW U OF I, ID US","1996-10","3.41",",,,0"
"USC00106152","MOSCOW U OF I, ID US","1996-11","4.09",",,,0"
"USC00106152","MOSCOW U OF I, ID US","1996-12","6.92",",,,0"
"USC00106152","MOSCOW U OF I, ID US","1997-01","4.37",",,,0"
"USC00106152","MOSCOW U OF I, ID US","1997-02","2.31",",,,0"
"USC00106152","MOSCOW U OF I, ID US","1997-03","3.55",",,,0"
"USC00106152","MOSCOW U OF I, ID US","1997-04","5.12",",,,0"
"USC00106152","MOSCOW U OF I, ID US","1997-05","1.78",",,,0"
"USC00106152","MOSCOW U OF I, ID US","1997-06","0.93",",,,0"
"USC00106152","MOSCOW U OF I, ID US","1997-07","2.55",",,,0"
"USC00106152","MOSCOW U OF I, ID US","1997-08","0.63",",,,0"
"USC00106152","MOSCOW U OF I, ID US","1997-09","1.21",",,,0"
"USC00106152","MOSCOW U OF I, ID US","1997-10","4.02",",,,0"
"USC00106152","MOSCOW U OF I, ID US","1997-11","3.44",",,,0"
"USC00106152","MOSCOW U OF I, ID US","1997-12","2.65",",,,0"
"USC00106152","MOSCOW U OF I, ID US","1998-01","3.51",",,,0"
"USC00106152","MOSCOW U OF I, ID US","1998-02","2.22",",,,0"
"USC00106152","MOSCOW U OF I, ID US","1998-03","1.80",",,,0"
"USC00106152","MOSCOW U OF I, ID US","1998-04","2.12",",,,0"
"USC00106152","MOSCOW U OF I, ID US","1998-05","5.20",",,,0"
"USC00106152","MOSCOW U OF I, ID US","1998-06","2.35",",,,0"
"USC00106152","MOSCOW U OF I, ID US","1998-07","2.05",",,,0"
"USC00106152","MOSCOW U OF I, ID US","1998-08","0.61",",,,0"
"USC00106152","MOSCOW U OF I, ID US","1998-09","2.84",",,,0"
"USC00106152","MOSCOW U OF I, ID US","1998-10","1.40",",,,0"
"USC00106152","MOSCOW U OF I, ID US","1998-11","5.97",",,,0"
"USC00106152","MOSCOW U OF I, ID US","1998-12","6.00",",,,0"
"USC00106152","MOSCOW U OF I, ID US","1999-01","3.42",",,,0"
"USC00106152","MOSCOW U OF I, ID US","1999-02","4.98",",,,0"
"USC00106152","MOSCOW U OF I, ID US","1999-03","2.04",",,,0"
"USC00106152","MOSCOW U OF I, ID US","1999-04","0.74",",,,0"
"USC00106152","MOSCOW U OF I, ID US","1999-05","1.75",",,,0"
"USC00106152","MOSCOW U OF I, ID US","1999-06","2.28",",,,0"
"USC00106152","MOSCOW U OF I, ID US","1999-07","0.23",",,,0"
"USC00106152","MOSCOW U OF I, ID US","1999-08","1.49",",,,0"
"USC00106152","MOSCOW U OF I, ID US","1999-09","0.07",",,,0"
"USC00106152","MOSCOW U OF I, ID US","1999-10","2.11",",,,0"
"USC00106152","MOSCOW U OF I, ID US","1999-11","3.57",",,,0"
"USC00106152","MOSCOW U OF I, ID US","1999-12","4.50",",,,0"
"USC00106152","MOSCOW U OF I, ID US","2000-01","2.21",",,,0"
"USC00106152","MOSCOW U OF I, ID US","2000-02","3.34",",,,0"
"USC00106152","MOSCOW U OF I, ID US","2000-03","3.15",",,,0"
"USC00106152","MOSCOW U OF I, ID US","2000-04","2.06",",,,0"
"USC00106152","MOSCOW U OF I, ID US","2000-05","3.00",",,,0"
"USC00106152","MOSCOW U OF I, ID US","2000-06","1.41",",,,0"
"USC00106152","MOSCOW U OF I, ID US","2000-07","0.17",",,,0"
"USC00106152","MOSCOW U OF I, ID US","2000-08","0.02",",,,0"
"USC00106152","MOSCOW U OF I, ID US","2000-09","2.61",",,,0"
"USC00106152","MOSCOW U OF I, ID US","2000-10","1.52",",,,0"
"USC00106152","MOSCOW U OF I, ID US","2000-11","2.01",",,,0"
"USC00106152","MOSCOW U OF I, ID US","2000-12","1.65",",,,0"
"USC00106152","MOSCOW U OF I, ID US","2001-01","1.39",",,,0"
"USC00106152","MOSCOW U OF I, ID US","2001-02","1.11",",,,0"
"USC00106152","MOSCOW U OF I, ID US","2001-03","2.19",",,,0"
"USC00106152","MOSCOW U OF I, ID US","2001-04","3.59",",,,0"
"USC00106152","MOSCOW U OF I, ID US","2001-05","1.37",",,,0"
"USC00106152","MOSCOW U OF I, ID US","2001-06","1.86",",,,0"
"USC00106152","MOSCOW U OF I, ID US","2001-07","0.94",",,,0"
"USC00106152","MOSCOW U OF I, ID US","2001-08","0.07",",,,0"
"USC00106152","MOSCOW U OF I, ID US","2001-09","0.49",",,,0"
"USC00106152","MOSCOW U OF I, ID US","2001-10","3.84",",,,0"
"USC00106152","MOSCOW U OF I, ID US","2001-11","3.37",",,,0"
"USC00106152","MOSCOW U OF I, ID US","2001-12","2.85",",,,0"
"USC00106152","MOSCOW U OF I, ID US","2002-01","3.63",",,,0"
"USC00106152","MOSCOW U OF I, ID US","2002-02","1.92",",,,0"
"USC00106152","MOSCOW U OF I, ID US","2002-03","3.41",",,,0"
"USC00106152","MOSCOW U OF I, ID US","2002-04","1.88",",,,0"
"USC00106152","MOSCOW U OF I, ID US","2002-05","1.58",",,,0"
"USC00106152","MOSCOW U OF I, ID US","2002-06","2.06",",,,0"
"USC00106152","MOSCOW U OF I, ID US","2002-07","0.40",",,,0"
"USC00106152","MOSCOW U OF I, ID US","2002-08","1.94",",,,0"
"USC00106152","MOSCOW U OF I, ID US","2002-09","0.46",",,,0"
"USC00106152","MOSCOW U OF I, ID US","2002-10","0.81",",,,0"
"USC00106152","MOSCOW U OF I, ID US","2002-11","1.80",",,,0"
"USC00106152","MOSCOW U OF I, ID US","2002-12","3.26",",,,0"
"USC00106152","MOSCOW U OF I, ID US","2003-01","6.47",",,,0"
"USC00106152","MOSCOW U OF I, ID US","2003-02","2.88",",,,0"
"USC00106152","MOSCOW U OF I, ID US","2003-03","5.16",",,,0"
"USC00106152","MOSCOW U OF I, ID US","2003-04","2.55",",,,0"
"USC00106152","MOSCOW U OF I, ID US","2003-05","2.33",",,,0"
"USC00106152","MOSCOW U OF I, ID US","2003-06","0.35",",,,0"
"USC00106152","MOSCOW U OF I, ID US","2003-07","0.50",",,,0"
"USC00106152","MOSCOW U OF I, ID US","2003-08","0.78",",,,0"
"USC00106152","MOSCOW U OF I, ID US","2003-09","1.10",",,,0"
"USC00106152","MOSCOW U OF I, ID US","2003-10","1.04",",,,0"
"USC00106152","MOSCOW U OF I, ID US","2003-11","2.98",",,,0"
"USC00106152","MOSCOW U OF I, ID US","2003-12","3.64",",,,0"
"USC00106152","MOSCOW U OF I, ID US","2004-01","3.81",",,,0"
"USC00106152","MOSCOW U OF I, ID US","2004-02","2.20",",,,0"
"USC00106152","MOSCOW U OF I, ID US","2004-03","1.45",",,,0"
"USC00106152","MOSCOW U OF I, ID US","2004-04","1.20",",,,0"
"USC00106152","MOSCOW U OF I, ID US","2004-05","4.75",",,,0"
"USC00106152","MOSCOW U OF I, ID US","2004-06","0.77",",,,0"
"USC00106152","MOSCOW U OF I, ID US","2004-07","0.29",",,,0"
"USC00106152","MOSCOW U OF I, ID US","2004-08","2.29",",,,0"
"USC00106152","MOSCOW U OF I, ID US","2004-09","1.51",",,,0"
"USC00106152","MOSCOW U OF I, ID US","2004-10","2.65",",,,0"
"USC00106152","MOSCOW U OF I, ID US","2004-11","2.14",",,,0"
"USC00106152","MOSCOW U OF I, ID US","2004-12","1.61",",,,0"
"USC00106152","MOSCOW U OF I, ID US","2005-01","1.80",",,,0"
"USC00106152","MOSCOW U OF I, ID US","2005-02","0.32",",,,0"
"USC00106152","MOSCOW U OF I, ID US","2005-03","3.52",",,,0"
"USC00106152","MOSCOW U OF I, ID US","2005-04","2.36",",,,0"
"USC00106152","MOSCOW U OF I, ID US","2005-05","4.00",",,,0"
"USC00106152","MOSCOW U OF I, ID US","2005-06","1.73",",,,0"
"USC00106152","MOSCOW U OF I, ID US","2005-07","0.35",",,,0"
"USC00106152","MOSCOW U OF I, ID US","2005-08","0.41",",,,0"
"USC00106152","MOSCOW U OF I, ID US","2005-09","0.44",",,,0"
"USC00106152","MOSCOW U OF I, ID US","2005-10","2.94",",,,0"
"USC00106152","MOSCOW U OF I, ID US","2005-11","3.56",",,,0"
"USC00106152","MOSCOW U OF I, ID US","2005-12","3.43",",,,0"
"USC00106152","MOSCOW U OF I, ID US","2006-01","6.87",",,,0"
"USC00106152","MOSCOW U OF I, ID US","2006-02","2.46",",,,0"
"USC00106152","MOSCOW U OF I, ID US","2006-03","2.26",",,,0"
"USC00106152","MOSCOW U OF I, ID US","2006-04","2.61",",,,0"
"USC00106152","MOSCOW U OF I, ID US","2006-05","1.51",",,,0"
"USC00106152","MOSCOW U OF I, ID US","2006-06","2.17",",,,0"
"USC00106152","MOSCOW U OF I, ID US","2006-07","0.37",",,,0"
"USC00106152","MOSCOW U OF I, ID US","2006-08","0.20",",,,0"
"USC00106152","MOSCOW U OF I, ID US","2006-09","1.04",",,,0"
"USC00106152","MOSCOW U OF I, ID US","2006-10","1.45",",,,0"
"USC00106152","MOSCOW U OF I, ID US","2006-11","6.68",",,,0"
"USC00106152","MOSCOW U OF I, ID US","2006-12","3.30",",,,0"
"USC00106152","MOSCOW U OF I, ID US","2007-01","2.19",",,,0"
"USC00106152","MOSCOW U OF I, ID US","2007-02","2.81",",,,0"
"USC00106152","MOSCOW U OF I, ID US","2007-03","2.08",",,,0"
"USC00106152","MOSCOW U OF I, ID US","2007-04","1.66",",,,0"
"USC00106152","MOSCOW U OF I, ID US","2007-05","1.62",",,,0"
"USC00106152","MOSCOW U OF I, ID US","2007-06","1.31",",,,0"
"USC00106152","MOSCOW U OF I, ID US","2007-07","0.19",",,,0"
"USC00106152","MOSCOW U OF I, ID US","2007-08","0.34",",,,0"
"USC00106152","MOSCOW U OF I, ID US","2007-09","0.90",",,,0"
"USC00106152","MOSCOW U OF I, ID US","2007-10","2.50",",,,0"
"USC00106152","MOSCOW U OF I, ID US","2007-11","3.83",",,,0"
"USC00106152","MOSCOW U OF I, ID US","2007-12","5.24",",,,0"
"USC00106152","MOSCOW U OF I, ID US","2008-01","3.06",",,,0"
"USC00106152","MOSCOW U OF I, ID US","2008-02","1.50",",,,0"
"USC00106152","MOSCOW U OF I, ID US","2008-03","2.35",",,,0"
"USC00106152","MOSCOW U OF I, ID US","2008-04","1.06",",,,0"
"USC00106152","MOSCOW U OF I, ID US","2008-05","1.51",",,,0"
"USC00106152","MOSCOW U OF I, ID US","2008-06","1.80",",,,0"
"USC00106152","MOSCOW U OF I, ID US","2008-07","0.27",",,,0"
"USC00106152","MOSCOW U OF I, ID US","2008-08","2.00",",,,0"
"USC00106152","MOSCOW U OF I, ID US","2008-09","0.74",",,,0"
"USC00106152","MOSCOW U OF I, ID US","2008-11","4.85",",,,0"
"USC00106152","MOSCOW U OF I, ID US","2008-12","3.83",",,,0"
"USC00106152","MOSCOW U OF I, ID US","2009-01","3.82",",,,0"
"USC00106152","MOSCOW U OF I, ID US","2009-02","2.00",",,,0"
"USC00106152","MOSCOW U OF I, ID US","2009-03","4.41",",,,0"
"USC00106152","MOSCOW U OF I, ID US","2009-04","2.18",",,,0"
"USC00106152","MOSCOW U OF I, ID US","2009-05","2.98",",,,0"
"USC00106152","MOSCOW U OF I, ID US","2009-07","1.27",",,,0"
"USC00106152","MOSCOW U OF I, ID US","2009-08","1.63",",,,0"
"USC00106152","MOSCOW U OF I, ID US","2009-09","0.26",",,,0"
"USC00106152","MOSCOW U OF I, ID US","2009-10","2.58",",,,0"
"USC00106152","MOSCOW U OF I, ID US","2009-11","1.78",",,,0"
"USC00106152","MOSCOW U OF I, ID US","2009-12","2.37",",,,0"
"USC00106152","MOSCOW U OF I, ID US","2010-01","2.93",",,,0"
"USC00106152","MOSCOW U OF I, ID US","2010-02","1.61",",,,0"
"USC00106152","MOSCOW U OF I, ID US","2010-03","2.11",",,,0"
"USC00106152","MOSCOW U OF I, ID US","2010-04","3.75",",,,0"
"USC00106152","MOSCOW U OF I, ID US","2010-05","2.76",",,,0"
"USC00106152","MOSCOW U OF I, ID US","2010-06","3.84",",,,0"
"USC00106152","MOSCOW U OF I, ID US","2010-07","0.32",",,,0"
"USC00106152","MOSCOW U OF I, ID US","2010-08","0.01",",,,0"
"USC00106152","MOSCOW U OF I, ID US","2010-09","1.97",",,,0"
"USC00106152","MOSCOW U OF I, ID US","2010-10","3.15",",,,0"
"USC00106152","MOSCOW U OF I, ID US","2010-11","2.85",",,,0"
"USC00106152","MOSCOW U OF I, ID US","2010-12","3.55",",,,0"
"USC00106152","MOSCOW U OF I, ID US","2011-01","3.83",",,,7"
"USC00106152","MOSCOW U OF I, ID US","2011-02","2.55",",,,7"
"USC00106152","MOSCOW U OF I, ID US","2011-03","4.78",",,,7"
"USC00106152","MOSCOW U OF I, ID US","2011-04","3.37",",,,7"
"USC00106152","MOSCOW U OF I, ID US","2011-05","4.47",",,,7"
"USC00106152","MOSCOW U OF I, ID US","2011-06","1.04",",,,7"
"USC00106152","MOSCOW U OF I, ID US","2011-07","0.60",",,,7"
"USC00106152","MOSCOW U OF I, ID US","2011-08","0.17",",,,7"
"USC00106152","MOSCOW U OF I, ID US","2011-09","0.25",",,,7"
"USC00106152","MOSCOW U OF I, ID US","2011-10","2.51",",,,7"
"USC00106152","MOSCOW U OF I, ID US","2011-11","3.19",",,,7"
"USC00106152","MOSCOW U OF I, ID US","2011-12","2.08",",,,7"
"USC00106152","MOSCOW U OF I, ID US","2012-01","3.92",",,,7"
"USC00106152","MOSCOW U OF I, ID US","2012-02","2.55",",,,7"
"USC00106152","MOSCOW U OF I, ID US","2012-03","7.84",",,,7"
"USC00106152","MOSCOW U OF I, ID US","2012-04","4.23",",,,7"
"USC00106152","MOSCOW U OF I, ID US","2012-05","1.27",",,,7"
"USC00106152","MOSCOW U OF I, ID US","2012-06","2.65",",,,7"
"USC00106152","MOSCOW U OF I, ID US","2012-07","0.50",",,,7"
"USC00106152","MOSCOW U OF I, ID US","2012-08","0.00",",T,,7"
"USC00106152","MOSCOW U OF I, ID US","2012-09","0.05",",,,7"
"USC00106152","MOSCOW U OF I, ID US","2012-10","3.59",",,,7"
"USC00106152","MOSCOW U OF I, ID US","2012-11","4.57",",,,7"
"USC00106152","MOSCOW U OF I, ID US","2012-12","3.53",",,,7"
"USC00106152","MOSCOW U OF I, ID US","2013-01","2.09",",,,7"
"USC00106152","MOSCOW U OF I, ID US","2013-02","1.74",",,,7"
"USC00106152","MOSCOW U OF I, ID US","2013-03","1.46",",,,7"
"USC00106152","MOSCOW U OF I, ID US","2013-04","3.46",",,,7"
"USC00106152","MOSCOW U OF I, ID US","2013-05","1.01",",,,7"
"USC00106152","MOSCOW U OF I, ID US","2013-06","2.47",",,,7"
"USC00106152","MOSCOW U OF I, ID US","2013-07","0.07",",,,7"
"USC00106152","MOSCOW U OF I, ID US","2013-08","0.67",",,,7"
"USC00106152","MOSCOW U OF I, ID US","2013-09","3.17",",,,7"
"USC00106152","MOSCOW U OF I, ID US","2013-10","0.55",",,,7"
"USC00106152","MOSCOW U OF I, ID US","2013-11","3.05",",,,7"
"USC00106152","MOSCOW U OF I, ID US","2013-12","1.93",",,,7"
"USC00106152","MOSCOW U OF I, ID US","2014-01","2.78",",,,7"
"USC00106152","MOSCOW U OF I, ID US","2014-02","3.52",",,,7"
"USC00106152","MOSCOW U OF I, ID US","2014-03","3.56",",,,7"
"USC00106152","MOSCOW U OF I, ID US","2014-04","2.28",",,,7"
"USC00106152","MOSCOW U OF I, ID US","2014-05","1.44",",,,7"
"USC00106152","MOSCOW U OF I, ID US","2014-06","1.31",",,,7"
"USC00106152","MOSCOW U OF I, ID US","2014-07","0.56",",,,7"
"USC00106152","MOSCOW U OF I, ID US","2014-08","1.09",",,,7"
"USC00106152","MOSCOW U OF I, ID US","2014-09","0.61",",,,7"
"USC00106152","MOSCOW U OF I, ID US","2014-10","1.47",",,,7"
"USC00106152","MOSCOW U OF I, ID US","2014-11","4.16",",,,7"
"USC00106152","MOSCOW U OF I, ID US","2014-12","4.45",",,,7"
"USC00106152","MOSCOW U OF I, ID US","2015-01","2.61",",,,7"
"USC00106152","MOSCOW U OF I, ID US","2015-02","3.01",",,,7"
"USC00106152","MOSCOW U OF I, ID US","2015-03","3.50",",,,7"
"USC00106152","MOSCOW U OF I, ID US","2015-04","0.80",",,,7"
"USC00106152","MOSCOW U OF I, ID US","2015-05","5.03",",,,7"
"USC00106152","MOSCOW U OF I, ID US","2015-06","0.53",",,,7"
"USC00106152","MOSCOW U OF I, ID US","2015-07","0.12",",,,7"
"USC00106152","MOSCOW U OF I, ID US","2015-08","0.09",",,,7"
"USC00106152","MOSCOW U OF I, ID US","2015-09","0.91",",,,7"
"USC00106152","MOSCOW U OF I, ID US","2015-10","2.07",",,,7"
"USC00106152","MOSCOW U OF I, ID US","2015-11","3.27",",,,7"
"USC00106152","MOSCOW U OF I, ID US","2015-12","6.25",",,,7"
"USC00106152","MOSCOW U OF I, ID US","2016-01","4.52",",,,7"
"USC00106152","MOSCOW U OF I, ID US","2016-02","2.30",",,,7"
"USC00106152","MOSCOW U OF I, ID US","2016-03","5.16",",,,7"
"USC00106152","MOSCOW U OF I, ID US","2016-04","2.64",",,,7"
"USC00106152","MOSCOW U OF I, ID US","2016-05","1.59",",,,7"
"USC00106152","MOSCOW U OF I, ID US","2016-06","1.54",",,,7"
"USC00106152","MOSCOW U OF I, ID US","2016-07","1.00",",,,7"
"USC00106152","MOSCOW U OF I, ID US","2016-08","0.23",",,,7"
"USC00106152","MOSCOW U OF I, ID US","2016-09","0.62",",,,7"
"USC00106152","MOSCOW U OF I, ID US","2016-10","6.18",",,,7"
"USC00106152","MOSCOW U OF I, ID US","2016-11","2.44",",,,7"
"USC00106152","MOSCOW U OF I, ID US","2016-12","2.73",",,,7"
"USC00106152","MOSCOW U OF I, ID US","2017-01","2.55",",,,7"
"USC00106152","MOSCOW U OF I, ID US","2017-02","4.04",",,,7"
"USC00106152","MOSCOW U OF I, ID US","2017-03","7.19",",,,7"
"USC00106152","MOSCOW U OF I, ID US","2017-04","3.02",",,,7"
"USC00106152","MOSCOW U OF I, ID US","2017-05","2.38",",,,7"
"USC00106152","MOSCOW U OF I, ID US","2017-06","1.60",",,,7"
"USC00106152","MOSCOW U OF I, ID US","2017-07","0.00",",,,7"
"USC00106152","MOSCOW U OF I, ID US","2017-08","0.16",",,,7"
"USC00106152","MOSCOW U OF I, ID US","2017-09","1.09",",,,7"
"USC00106152","MOSCOW U OF I, ID US","2017-10","3.36",",,,7"
"USC00106152","MOSCOW U OF I, ID US","2017-11","4.11",",,,7"
"USC00106152","MOSCOW U OF I, ID US","2017-12","4.45",",,,7"
"USC00106152","MOSCOW U OF I, ID US","2018-01","3.72",",,,7"
"USC00106152","MOSCOW U OF I, ID US","2018-02","2.84",",,,7"
"USC00106152","MOSCOW U OF I, ID US","2018-03","2.61",",,,7"
"USC00106152","MOSCOW U OF I, ID US","2018-04","3.46",",,,7"
"USC00106152","MOSCOW U OF I, ID US","2018-05","2.31",",,,7"
"USC00106152","MOSCOW U OF I, ID US","2018-06","1.54",",,,7"
"USC00106152","MOSCOW U OF I, ID US","2018-07","0.03",",,,7"
"USC00106152","MOSCOW U OF I, ID US","2018-08","0.76",",,,7"
"USC00106152","MOSCOW U OF I, ID US","2018-09","0.05",",,,7"
"USC00106152","MOSCOW U OF I, ID US","2018-10","0.82",",,,7"
"USC00106152","MOSCOW U OF I, ID US","2018-11","3.70",",,,7"
"USC00106152","MOSCOW U OF I, ID US","2018-12","4.97",",,,7"
"USC00106152","MOSCOW U OF I, ID US","2019-01","2.37",",,,7"
"USC00106152","MOSCOW U OF I, ID US","2019-02","3.61",",,,7"
"USC00106152","MOSCOW U OF I, ID US","2019-03","0.91",",,,7"
"USC00106152","MOSCOW U OF I, ID US","2019-04","4.64",",,,7"
"USC00106152","MOSCOW U OF I, ID US","2019-05","2.23",",,,7"
"USC00106152","MOSCOW U OF I, ID US","2019-06","1.24",",,,7"
"USC00106152","MOSCOW U OF I, ID US","2019-07","0.10",",,,7"
"USC00106152","MOSCOW U OF I, ID US","2019-08","0.22",",,,7"
"USC00106152","MOSCOW U OF I, ID US","2019-09","1.45",",,,7"
"USC00106152","MOSCOW U OF I, ID US","2019-10","3.12",",,,7"
"USC00106152","MOSCOW U OF I, ID US","2019-11","0.80",",,,7"
"USC00106152","MOSCOW U OF I, ID US","2019-12","2.59",",,,7"
"USC00106152","MOSCOW U OF I, ID US","2020-01","4.72",",,,7"
"USC00106152","MOSCOW U OF I, ID US","2020-02","3.66",",,,7"
"USC00106152","MOSCOW U OF I, ID US","2020-03","1.74",",,,7"
"USC00106152","MOSCOW U OF I, ID US","2020-04","0.69",",,,7"
"USC00106152","MOSCOW U OF I, ID US","2020-05","5.18",",,,7"
"USC00106152","MOSCOW U OF I, ID US","2020-06","2.69",",,,7"
"USC00106152","MOSCOW U OF I, ID US","2020-07","0.17",",,,7"
"USC00106152","MOSCOW U OF I, ID US","2020-08","0.05",",,,7"
"USC00106152","MOSCOW U OF I, ID US","2020-09","0.68",",,,7"
"USC00106152","MOSCOW U OF I, ID US","2020-10","3.00",",,,7"
"USC00106152","MOSCOW U OF I, ID US","2020-11","3.33",",,,7"
"USC00106152","MOSCOW U OF I, ID US","2020-12","3.00",",,,7"
"USC00106152","MOSCOW U OF I, ID US","2021-01","3.98",",,,7"
"USC00106152","MOSCOW U OF I, ID US","2021-02","3.10",",,,7"
"USC00106152","MOSCOW U OF I, ID US","2021-03","1.47",",,,7"
"USC00106152","MOSCOW U OF I, ID US","2021-04","0.52",",,,7"
"USC00106152","MOSCOW U OF I, ID US","2021-05","0.69",",,,7"
"USC00106152","MOSCOW U OF I, ID US","2021-06","0.87",",,,7"
"USC00106152","MOSCOW U OF I, ID US","2021-07","0.05",",,,7"
"USC00106152","MOSCOW U OF I, ID US","2021-08","0.59",",,,7"
"USC00106152","MOSCOW U OF I, ID US","2021-09","0.93",",,,7"
"USC00106152","MOSCOW U OF I, ID US","2021-10","1.94",",,,7"
"USC00106152","MOSCOW U OF I, ID US","2021-11","5.33",",,,7"
"USC00106152","MOSCOW U OF I, ID US","2021-12","3.88",",,,7"
"USC00106152","MOSCOW U OF I, ID US","2022-01","2.89",",,,7"
"USC00106152","MOSCOW U OF I, ID US","2022-02","1.56",",,,7"
"USC00106152","MOSCOW U OF I, ID US","2022-03","2.66",",,,7"
"USC00106152","MOSCOW U OF I, ID US","2022-04","3.17",",,,7"
"USC00106152","MOSCOW U OF I, ID US","2022-05","3.38",",,,7"
"USC00106152","MOSCOW U OF I, ID US","2022-06","4.81",",,,7"
"USC00106152","MOSCOW U OF I, ID US","2022-07","0.68",",,,7"
"USC00106152","MOSCOW U OF I, ID US","2022-08","0.15",",,,7"
"USC00106152","MOSCOW U OF I, ID US","2022-09","2.35",",,,7"
"USC00106152","MOSCOW U OF I, ID US","2022-10","1.93",",,,7"
"USC00106152","MOSCOW U OF I, ID US","2022-11","5.75",",,,7"
"USC00106152","MOSCOW U OF I, ID US","2022-12","4.15",",,,7"
"USC00106152","MOSCOW U OF I, ID US","2023-01","1.45",",,,7"
"USC00106152","MOSCOW U OF I, ID US","2023-02","1.00",",,,7"
"USC00106152","MOSCOW U OF I, ID US","2023-03","1.93",",,,7"
"USC00106152","MOSCOW U OF I, ID US","2023-04","2.43",",,,7"
"USC00106152","MOSCOW U OF I, ID US","2023-05","2.60",",,,7"
"USC00106152","MOSCOW U OF I, ID US","2023-06","0.92",",,,7"
"USC00106152","MOSCOW U OF I, ID US","2023-07","0.07",",,,7"
"USC00106152","MOSCOW U OF I, ID US","2023-08","0.89",",,,7"
"USC00106152","MOSCOW U OF I, ID US","2023-09","1.04",",,,7"
"USC00106152","MOSCOW U OF I, ID US","2023-10","1.55",",,,7"
"USC00106152","MOSCOW U OF I, ID US","2023-11","3.13",",,,7"
"USC00106152","MOSCOW U OF I, ID US","2023-12","3.13",",,,7"
"USC00106152","MOSCOW U OF I, ID US","2024-01","2.91",",,,7"
"USC00106152","MOSCOW U OF I, ID US","2024-02","2.92",",,,7"
"USC00106152","MOSCOW U OF I, ID US","2024-03","2.18",",,,7"
"USC00106152","MOSCOW U OF I, ID US","2024-04","1.85",",,,7"
"USC00106152","MOSCOW U OF I, ID US","2024-05","1.72",",,,7"
"USC00106152","MOSCOW U OF I, ID US","2024-06","1.31",",,,7"
"USC00106152","MOSCOW U OF I, ID US","2024-07","0.07",",,,7"
"USC00106152","MOSCOW U OF I, ID US","2024-08","0.60",",,,7"
"USC00106152","MOSCOW U OF I, ID US","2024-09","1.20",",,,7"
"USC00106152","MOSCOW U OF I, ID US","2024-10","1.37",",,,7"
"USC00106152","MOSCOW U OF I, ID US","2024-11","4.72",",,,7"
"USC00106152","MOSCOW U OF I, ID US","2024-12","3.91",",,,7"
"USC00106152","MOSCOW U OF I, ID US","2025-01","1.99",",,,7"
"USC00106152","MOSCOW U OF I, ID US","2025-02","3.84",",,,7"
"USC00106152","MOSCOW U OF I, ID US","2025-03","2.89",",,,7"
"USC00106152","MOSCOW U OF I, ID US","2025-04","0.86",",,,7"
"USC00106152","MOSCOW U OF I, ID US","2025-05","1.66",",,,7"
"USC00106152","MOSCOW U OF I, ID US","2025-06","0.10",",,,7"
"USC00106152","MOSCOW U OF I, ID US","2025-07","0.11",",,,7"
"USC00106152","MOSCOW U OF I, ID US","2025-08","0.30",",,,7"
"USC00106152","MOSCOW U OF I, ID US","2025-09","0.89",",,,7"
"USC00106152","MOSCOW U OF I, ID US","2025-10","1.34",",,,7"
"USC00106152","MOSCOW U OF I, ID US","2025-11","3.33",",,,7"
"USC00106152","MOSCOW U OF I, ID US","2025-12","8.02",",,,7"
"USC00106152","MOSCOW U OF I, ID US","2026-01","2.08",",,,7"
"USC00106152","MOSCOW U OF I, ID US","2026-02","3.31",",,,7"
