"species.name","Whisker.Type","top.peak.dist","bottom.peak.dist","crest.width","trough.width","total.length","num.beads","Geomean","CT.ratio"
"Harp","Beaded",1.71040513169856,1.70964499021234,0.645893689326336,0.586296321240996,4.47963098668066,2.60448087465316,1.377542719782,1.10165059190409
"Harp","Beaded",1.60479680486719,1.55928201328316,0.639720729877115,0.464350290831145,4.53425248204236,1.76110452102142,1.27507964578339,1.37766841651391
"Harp","Beaded",1.531571690941,1.36174631971552,0.536400158506341,0.461159487685107,4.23131275385664,1.61832801870851,1.16898716452869,1.16315542199711
"Harp","Beaded",1.47804516650965,1.39607530031137,0.598161847605338,0.465973604463034,4.39321937909285,1.99387445681977,1.20368235185079,1.28368182634429
"Harp","Beaded",1.51957266287807,1.6544962480233,0.60780482425931,0.516339568058675,4.31470778091041,1.8998865322814,1.27763746757323,1.17714167547632
"Harp","Beaded",1.7241521673722,1.64819854002832,0.718032269403901,0.657015775598394,4.50593201956926,2.14262189387023,1.43290666439757,1.09286914572171
"Harp","Beaded",1.33311513981648,1.45328747927413,0.647397680321137,0.463995551758073,4.3272980102947,2.10894808141735,1.20288522561868,1.39526699742736
"Harp","Beaded",1.51695392821656,1.67879951471986,0.660903124854729,0.561059915567891,4.41741777378348,1.98535580593678,1.33063011887894,1.17795462929441
"Harp","Beaded",1.63116852621924,1.67402236864533,0.690847891435143,0.470781710638219,4.40683137258375,2.70742982452999,1.31376506243105,1.46744844972544
"Harp","Beaded",1.72604407561908,1.5836008502495,0.62617908682049,0.518710721128637,4.39798468488431,2.36738076094286,1.31315206438948,1.20718362145671
"Harp","Beaded",1.77961839261441,1.64669738844453,0.681945848373042,0.646787923049804,4.59873831292848,3.48658221095956,1.42829604712686,1.05435773314606
"Harp","Beaded",1.6730665833353,1.56309074654046,0.610812060430011,0.432242301436836,4.32742731984882,2.34867771645355,1.24472213874022,1.41312420926777
"Harp","Beaded",1.57211136057635,1.60185221969118,0.618740769377507,0.483639544977089,4.23296813795119,2.15607355825052,1.26111954927555,1.27934279941236
"Harp","Beaded",1.64079552866043,1.72159296609991,0.609686403411524,0.533972629662803,4.37411010974369,2.44116616630361,1.32099152778988,1.1417933608255
"Harp","Beaded",1.54334076726699,1.4560063297911,0.61796146081649,0.379354432134969,4.35102865319531,1.81506387505228,1.1804421749597,1.62898178713417
"Harp","Beaded",1.70181049172341,1.61131049235433,0.59156938302106,0.627163667875559,4.60126220531961,2.29067368340166,1.36166664391435,0.943245620437373
"Harp","Beaded",1.45408342589778,1.62578708636085,0.65626634630685,0.53022095931163,4.38267087197178,2.36801689208637,1.29236674795305,1.23772237740066
"Harp","Beaded",1.69236776762613,1.72442413495956,0.650504975536446,0.612949670556129,4.26671620711965,2.5892859732372,1.37778549030601,1.06126980204793
"Harp","Beaded",1.73317254344875,1.85074107164833,0.743468184628108,0.642425020520371,4.48064632746793,2.58501170033214,1.47001779740037,1.15728398004469
"Harp","Beaded",1.65986578705298,1.65118750768164,0.683397895224348,0.575304067220301,4.45495094703356,2.43205368863935,1.36853741438219,1.18788990755154
"Harp","Beaded",1.70436550078651,1.66969035501637,0.712772220904524,0.624544982911931,4.50447187678247,2.39384062556867,1.41667884425338,1.14126642660907
"Harp","Beaded",1.66725717596666,1.77752987369434,0.648031355109523,0.506299938997012,4.46874266810521,2.7827344909709,1.34153420098178,1.27993567685053
"Harp","Beaded",1.79836537326502,1.68291354134109,0.687666344137066,0.602428527157246,4.53743229841419,3.08250322178228,1.41581542220391,1.14149033974543
"Harp","Beaded",1.63104346566225,1.52399726069986,0.666252506431237,0.467606642133968,4.34563544127982,2.22408386235536,1.27468979150151,1.42481403469961
"Harp","Beaded",1.64262036262543,1.76362379475689,0.623561935273611,0.581735893712924,4.33358274082916,1.85940654367608,1.35418855941089,1.07189867775518
"Harp","Beaded",1.54439839289793,1.65800779838597,0.573640951717661,0.614727425915356,4.42742205115987,2.62963745246923,1.31936182596222,0.933163102107385
"Harp","Beaded",1.51474331941189,1.23328713215958,0.514708881300849,0.425826047929007,4.16898289506618,1.73733719377389,1.11287259804313,1.20873038134731
"Harp","Beaded",1.64411878710882,1.47169339580415,0.559761384116505,0.491325809135662,4.37798079023821,2.2499627579303,1.23845257218638,1.13928756378834
"Harp","Beaded",1.7461679168831,1.74554185059087,0.744482409846956,0.579890906891031,4.59955638011589,2.34369771973986,1.43346334245256,1.28383183974784
"Harp","Beaded",1.4183972363904,1.47073300119948,0.544078558345785,0.517421270954442,4.31419651680337,1.53497605537892,1.20433554791295,1.05151950429516
"Harp","Beaded",1.45876647501188,1.32221454034373,0.549344424880912,0.39236221855271,4.18602907050697,1.88549538826358,1.11718313024887,1.40009511340632
"Harp","Beaded",1.76384267792808,1.78136694018756,0.725577762166012,0.717122832228792,4.58886385881574,2.95560531691422,1.49637066062477,1.01179007215674
"Harp","Beaded",1.45310587374999,1.30807862921947,0.527058051000124,0.412663881389771,4.41220707973607,1.97436507607257,1.12773843284044,1.2772090671592
"Harp","Beaded",1.5368321237816,1.42619387459421,0.625858256815978,0.523895216476871,4.39689144737458,2.1794464525152,1.25873477883089,1.1946248737005
"Harp","Beaded",1.71489886868783,1.71011096557335,0.74140679405897,0.65258331791096,4.42804282996676,2.51562553139282,1.44422024804588,1.13611055279861
"Harp","Beaded",1.89689358145334,1.73820084875017,0.73651732320935,0.575949097063184,4.35173684170552,2.59621353308889,1.43507475108346,1.27878891895988
"Harp","Beaded",1.62280815565325,1.54680393032847,0.682976374818035,0.419717679198466,4.34262500572733,2.01888145583317,1.2559245338323,1.62722803605108
"Harp","Beaded",1.52647935272774,1.41001084237231,0.676687011916117,0.577072072190287,4.2775304899193,2.10293068127754,1.29165009320468,1.17262131460935
"Harp","Beaded",1.86375388224511,1.85386772138375,0.688961427429252,0.63997750832121,4.57888484748405,2.41289098660677,1.47474634660129,1.07654006347276
"Harp","Beaded",1.76429673367898,1.59880614488218,0.715294811615442,0.50782733545435,4.46318225037579,2.47942285795364,1.3553224803306,1.408539402424
"Harp","Beaded",1.76453427326024,1.7340467994269,0.796690362889657,0.667755139704736,4.70139689162434,2.178504433154,1.50232856986882,1.19308757884205
"Harp","Beaded",1.7640474004541,1.74886074175274,0.699308723834704,0.608553128168108,4.45875514502123,2.29046519171081,1.42393219544718,1.1491333976703
"Harp","Beaded",1.79441787977654,1.77250504311067,0.707528121112509,0.659932971604304,4.46548027630933,3.14026265093042,1.45990486285148,1.07212118738741
"Harp","Beaded",1.68190588305653,1.58316490835433,0.658831514560086,0.492559699522923,4.51318237003215,2.67710923076104,1.31283091069326,1.33756682732714
"Harp","Beaded",1.35119080095345,1.4552179532362,0.51294740371734,0.453490904412454,4.18185824220649,1.75038481618403,1.13849490012,1.13110847147402
"Harp","Beaded",1.35484317642535,1.36718536243737,0.563139232868091,0.444874304971473,4.30989473362361,1.58684536965834,1.14870163639907,1.26583897198604
"Harp","Beaded",1.59942948018325,1.5553428273663,0.667184013858489,0.540248149842004,4.47469502049589,2.29231179790853,1.32031852747889,1.23495844280745
"Harp","Beaded",1.56837279414946,1.45307612328268,0.604846932104884,0.472716177806949,4.32594776476373,1.67483525773967,1.23030553285334,1.27951392505948
"Harp","Beaded",1.55140055990591,1.48125814629305,0.648820305804034,0.486453760259053,4.39005466290349,2.10676212997348,1.26066043887402,1.33377590802981
"Harp","Beaded",1.55803745299844,1.42760941029687,0.62921807898169,0.542927417266548,4.26813224236123,2.41363417255125,1.26530034273411,1.15893590739916
"Harp","Beaded",1.64181161045196,1.71481633028845,0.687324113018631,0.566891008521606,4.51149154212309,2.67286501345588,1.3769064867451,1.21244490155365
"Harp","Beaded",1.70071942889853,1.67495968593561,0.586346247061032,0.504717649355533,4.41855670386742,2.14806959020905,1.30084041470468,1.16173121310446
"Harp","Beaded",1.73050971702226,1.75309211129638,0.723672133201987,0.578439734957499,4.61558106566355,2.38317149158032,1.42429852890711,1.25107610951927
"Harp","Beaded",1.42874829849098,1.52196227859679,0.520687742412832,0.357925251540853,4.38685498704264,1.61897588908111,1.12195778724646,1.45473877624251
"Harp","Beaded",1.5811191748556,1.67453269122061,0.638350110557258,0.424111052361312,4.40157141272801,2.36561172250469,1.25834840611113,1.50514849118676
"Harp","Beaded",1.69206414838074,1.61345007432445,0.679741002652732,0.604451621013312,4.44116452492657,2.37902361596078,1.37871609748963,1.12455815986266
"Harp","Beaded",1.38332605737835,1.24926722518678,0.517710138501851,0.409108785031412,4.1379448965157,1.59831861213868,1.08657076666952,1.26545837548343
"Harp","Beaded",1.77088142233693,1.67386173300214,0.689565267035444,0.559491284025434,4.4752272020105,2.48300585706487,1.38617662480028,1.23248616506436
"Harp","Beaded",1.82608844312747,1.83339730506147,0.684301537660697,0.645872928613253,4.54652592845255,2.57242424673776,1.46409930093826,1.05949871460003
"Harp","Beaded",1.60785042897687,1.45767950524328,0.622798882105211,0.460936306791141,4.34091585442248,1.98591290458946,1.23906919693567,1.35116039446077
"Harp","Beaded",1.39024817292595,1.56694511760038,0.560849375618493,0.418671363173594,4.45931398380469,1.64249017749691,1.17930661236124,1.33959335400245
"Harp","Beaded",1.65216865206599,1.59988546974784,0.646797523838389,0.570363069707392,4.24418504450489,2.51675182563793,1.32853030576883,1.13401017385331
"Harp","Beaded",1.59291867835171,1.69713439981752,0.665327544504386,0.534529809100823,4.34594395065742,2.37951651550722,1.33106811122271,1.2446968030157
"Harp","Beaded",1.81876276486686,1.74457058268139,0.717436809109759,0.601183307750057,4.56078077872138,3.15487365388735,1.4423108585553,1.19337446642486
"Harp","Beaded",1.32268745002173,1.38891858269096,0.545595990999112,0.493761076818961,4.08342286658014,1.64465977733321,1.15108999715051,1.10497974954627
"Harp","Beaded",1.60693295040466,1.62129644104445,0.68129921791752,0.610222321041961,4.44830455987775,2.08854786216402,1.36954446138851,1.11647705176401
"Harp","Beaded",1.61123218257854,1.70195649616321,0.593653811212412,0.537453319967199,4.43244060869102,2.43516996363306,1.31136836779069,1.10456813486359
"Harp","Beaded",1.57353479674824,1.52977660792385,0.618188186781197,0.441119872618068,4.34570298293215,2.43027828868107,1.23324211230007,1.40140634134712
"Harp","Beaded",1.88598487690748,1.78628131112377,0.764122377872131,0.656075889923202,4.52842709415583,2.7440255769144,1.50214026458732,1.16468596028057
"Harp","Beaded",1.68473865790631,1.65738814968614,0.642104584063398,0.581330196172783,4.4869100421057,2.96990651700594,1.3614025418523,1.10454366260471
"Harp","Beaded",1.80918068899562,1.83576158174367,0.682712650904728,0.610433249872094,4.59010114690525,2.5753785637148,1.44743583858617,1.11840672349971
"Harp","Beaded",1.39029861465762,1.50812779366256,0.617857221376963,0.487276960964085,4.29881521797979,1.79326893725452,1.22098914588466,1.26797954936044
"Harp","Beaded",1.28872724435784,1.30365760653107,0.53209105631271,0.501993710854925,4.2297452538968,1.51033003417891,1.13674905013509,1.05995562256453
"Harp","Beaded",1.51014691736001,1.45671188109571,0.53186850563715,0.526580176009583,4.08206461817775,1.85265807358679,1.20256429057772,1.0100427814576
"Harp","Beaded",1.6809637301275,1.75945156964567,0.692699513111178,0.513391729726134,4.56098623212304,2.56747905326654,1.36835137951132,1.3492611450533
"Harp","Beaded",1.67705142417332,1.5052612369481,0.652058064275432,0.502586460374698,4.31432572640661,2.20590292353327,1.28977409130454,1.29740475656526
"Harp","Beaded",1.35330385545919,1.51576497672332,0.577179588073605,0.495806014558902,4.33474310941381,2.20096456818775,1.20537633662304,1.16412381279218
"Harp","Beaded",1.54777212373643,1.42186226945986,0.556814863925146,0.479534578981737,4.21306193126917,1.13384689524643,1.19877762585254,1.16115685569018
"Harp","Beaded",1.79707542424226,1.70090167204204,0.720980701589427,0.564554936958606,4.66647397790295,2.37997345979588,1.42158503252977,1.27707802091595
"Harp","Beaded",1.71569078838962,1.862948111136,0.746781887526114,0.643645853925429,4.56893271610008,2.83229104608835,1.47658706123791,1.16023723756113
"Harbor","Beaded",1.40948281672366,1.55382818837228,0.656607190123411,0.568634647279461,4.49468198702549,3.00899425423535,1.29735891536003,1.15470837604574
"Harbor","Beaded",1.44863313838236,1.48511059122599,0.669022720169521,0.586265662767554,4.5119837891067,2.24352000220816,1.30654392031939,1.14115965279512
"Harbor","Beaded",1.59912162913312,1.58083109028035,0.721313329932331,0.695852568488906,4.67467042836787,3.0578918429924,1.42768314163509,1.03658930439635
"Harbor","Beaded",1.30505351460828,1.24712369028651,0.547970395516795,0.382324167151715,4.18347505014096,1.63265168018958,1.07362539623267,1.43326120239568
"Harbor","Beaded",1.49153297909512,1.45443458434575,0.713042622291846,0.583394923986459,4.49358230701229,2.52265763651252,1.32312104804541,1.22222973319596
"Harbor","Beaded",1.40875686874827,1.46428155158479,0.603841416619521,0.474701029620321,4.29808899161366,2.03190329268551,1.205079843358,1.27204572760773
"Harbor","Beaded",1.64697287799743,1.5929579797661,0.843789638310453,0.70962570443874,4.71159589194307,2.98010197322523,1.49232861170455,1.18906295675666
"Harbor","Beaded",1.33333192764705,1.44452982786701,0.692790062185793,0.563138998537154,4.41345705730079,1.94137323584155,1.27096090062252,1.2302292400019
"Harbor","Beaded",1.57553583168234,1.53151148397533,0.69850346377528,0.588426460792126,4.55480493123078,2.25376897862368,1.35199727581767,1.18707011040083
"Harbor","Beaded",1.42637291414404,1.49880814764274,0.611394953210662,0.624048212984287,4.42570136831247,2.161365054097,1.29270743172589,0.979723906726508
"Harbor","Beaded",1.29632221517331,1.47770056877559,0.559722163141551,0.495840340687059,4.44485030861003,1.99896122951869,1.18766560928259,1.12883546821942
"Harbor","Beaded",1.46261860841121,1.39664295020871,0.577459608933591,0.495322437742302,4.4083479203353,2.4207934866183,1.20831562931036,1.16582566209937
"Harbor","Beaded",1.52813000119564,1.47216527556266,0.675457033473587,0.563568577012179,4.51609613378007,2.76363797085699,1.31064450091641,1.19853565479927
"Harbor","Beaded",1.47391861449429,1.27034664110921,0.662083875748548,0.604167177094614,4.47609709315447,2.34314185014454,1.27371738603497,1.09586204092127
"Harbor","Beaded",1.53994962631863,1.4745144678814,0.74612983601604,0.6665400058597,4.54584469771312,2.81368408687265,1.38701818490908,1.11940743159698
"Harbor","Beaded",1.469549937009,1.46547467541405,0.570110457539163,0.554584851098079,4.48855831906753,2.31968413101676,1.25037220108481,1.0279950063734
"Harbor","Beaded",1.32251995299695,1.36851439224516,0.571203637505481,0.389344555863898,4.39338512820095,1.65918943326636,1.12076662493178,1.46709034171048
"Harbor","Beaded",1.41837040355875,1.46275714570819,0.630446876244434,0.518998323890332,4.4127554981804,1.58183044883654,1.24536667798853,1.21473778858995
"Harbor","Beaded",1.36011129773153,1.39981798123946,0.631060112716245,0.493840900981731,4.49262857613376,1.88780462591956,1.21663656205875,1.27786117241753
"Harbor","Beaded",1.53988623824465,1.57986174919527,0.695277240055131,0.628616465558238,4.59598102574584,2.68487441312256,1.373428144909,1.10604363415409
"Harbor","Beaded",1.48934589349324,1.51162739784051,0.710993413011599,0.550925351183266,4.56255205584304,2.56941824660834,1.3210562156959,1.29054401196921
"Harbor","Beaded",1.40444046531399,1.38608190157499,0.547681970934797,0.481783921969492,4.33641572512574,2.02900851369913,1.17370992486513,1.13677926132512
"Harbor","Beaded",1.54791053643686,1.55938541155685,0.692450990688241,0.585778398942956,4.50731896631133,2.61366004128166,1.3456992238421,1.18210400372867
"Harbor","Beaded",1.43440231115077,1.41606618278129,0.682605648160658,0.48931180828694,4.47295019168691,2.68760448846622,1.24859281876902,1.39503203601489
"Harbor","Beaded",1.38228490403689,1.28630121234422,0.59896358790278,0.448204649170131,4.3933570709824,2.22620483069979,1.15963871221317,1.33636183607597
"Harbor","Beaded",1.32594599441884,1.39392677966724,0.625301289101397,0.543262431613577,4.42365297979194,1.89587246406713,1.22667402482359,1.15101146833244
"Harbor","Beaded",1.5762593997548,1.58688384439717,0.738856355956949,0.634587415241406,4.44875078986364,2.83470727269949,1.39152968374888,1.16430981486747
"Harbor","Beaded",1.38836932039177,1.41433850184067,0.64505429510461,0.515769345401464,4.47041432620877,2.60333337723689,1.23905786645853,1.2506642763007
"Harbor","Beaded",1.47881830978904,1.51125561194398,0.638237124270624,0.575596043307042,4.4837967342501,2.18378107212134,1.29777589959554,1.10882819938039
"Harbor","Beaded",1.47330911252806,1.55921192639891,0.720594169608124,0.610172157935788,4.52224493202691,2.48588316931127,1.35499984934831,1.18096861719468
"Harbor","Beaded",1.38446964928217,1.50414566431283,0.642939214088834,0.469192702424734,4.38508307487072,1.52076159390728,1.22465698800433,1.37030949280796
"Harbor","Beaded",1.32816116701974,1.4209350381271,0.662559132817972,0.551977471272201,4.46578968598646,2.37740693236646,1.25248880584675,1.20033727335085
"Harbor","Beaded",1.39730108140029,1.40353834096963,0.682601248921775,0.574410421832494,4.37969169277357,1.99062085702611,1.2748803902754,1.18835108657
"Harbor","Beaded",1.51522918186106,1.55036073487387,0.747845371178999,0.570842822140191,4.75023003932517,2.62240099412421,1.366440786098,1.31007230392281
"Harbor","Beaded",1.34680576602431,1.36333966427672,0.611517964936523,0.513948398806142,4.4910125663221,2.19054732446838,1.20980788008841,1.189843117241
"Harbor","Beaded",1.55341482838279,1.46608867771749,0.679856870774791,0.530082539856401,4.52810182143278,2.25173813605289,1.30024434059127,1.28254907426108
"Harbor","Beaded",1.27005781885097,1.20612469665271,0.572678156380713,0.529809408794746,4.42550233148178,1.92365420703309,1.155158856778,1.08091352640092
"Harbor","Beaded",1.35083914442186,1.37538508073718,0.592883559711865,0.532662953461467,4.43743081596397,2.1821644772766,1.2109223313514,1.11305574352235
"Harbor","Beaded",1.42297940005077,1.51243402444371,0.66426361690721,0.585037318759359,4.44728180684116,2.50969782972263,1.30046523719568,1.13542093060979
"Harbor","Beaded",1.36366290677719,1.38431921410958,0.635512284133564,0.499695021178839,4.47785807449973,2.22678409271501,1.21834003121386,1.2718003125873
"Harbor","Beaded",1.55406154510412,1.52361357285334,0.672064253463864,0.628566649498944,4.52465020912702,2.48579856670275,1.35250237880691,1.06920125972257
"Harbor","Beaded",1.3527763346595,1.43717576967137,0.638498349752902,0.58059583337657,4.37966103244566,2.43050548678196,1.25846753193246,1.09972947280656
"Harbor","Beaded",1.54690185951122,1.48777514053736,0.718703466203746,0.592231406044276,4.536143079743,2.28720480770435,1.34755219417566,1.21355176180916
"Harbor","Beaded",1.4310172770134,1.44750297235141,0.547736358475134,0.523479413053163,4.309911895177,2.25902741370887,1.20681522936129,1.04633791667278
"Harbor","Beaded",1.32678671582571,1.20574548330056,0.522414587049713,0.446963527603123,4.34557666867019,1.93469960400272,1.10173795494662,1.16880809011689
"Harbor","Beaded",1.32814922228217,1.23163536477908,0.530814471131909,0.518928968809928,4.25986926323641,2.04711391189734,1.1392923799425,1.02290390985348
"Harbor","Beaded",1.28227614351899,1.35628332419495,0.575273152238565,0.527359123651945,4.39598553698575,1.53694581664148,1.18324250415853,1.09085654620862
"Harbor","Beaded",1.38619995066927,1.18010261606532,0.592966881464042,0.501399958275522,4.27802309849,1.62098670354547,1.15781907883151,1.18262251856472
"Harbor","Beaded",1.49122789686994,1.42609842689049,0.636608056258551,0.559848534044178,4.44023698070709,1.9262453180177,1.27470141856203,1.13710765956621
"Harbor","Beaded",1.59273085500251,1.46530067828642,0.718474016789229,0.625191643797418,4.62383301711445,2.56022463798722,1.37119462907179,1.14920604572578
"Harbor","Beaded",1.56665693952411,1.5691299112935,0.748114363330887,0.658277493276426,4.54439280107451,2.32220233458716,1.40636203541015,1.13647264409317
"Harbor","Beaded",1.61798036418124,1.47139415777005,0.674393576915045,0.558179035507137,4.45283618652772,2.25912661648365,1.3188797121767,1.20820298509119
"Harbor","Beaded",1.45881339803369,1.52625747496099,0.618701421013771,0.575270007764568,4.50620842150104,2.47621213806933,1.28990680400341,1.07549744061571
"Harbor","Beaded",1.50027353332182,1.47001520822445,0.670195515816202,0.554969368055135,4.54480341396209,2.55498689053325,1.30105477723935,1.20762614009647
"Harbor","Beaded",1.36006711317935,1.51397540080942,0.608042393387025,0.557711731975222,4.43392405930714,1.9376062342286,1.2536093128877,1.09024493932295
"Harbor","Beaded",1.52689939903289,1.49067241825509,0.747159202959924,0.623275796566449,4.41398452454647,2.66880898582276,1.36151795119313,1.19876177941761
"Harbor","Beaded",1.43682758701573,1.44868351870067,0.700799947332371,0.549709495290947,4.53382954914606,2.36846038764315,1.29453600204783,1.27485508861632
"Harbor","Beaded",1.35491639488457,1.39096405758729,0.672316521856979,0.417437110877946,4.27456893424691,1.9800437488167,1.17721859697748,1.61058158064331
"Harbor","Beaded",1.39340677053096,1.31630913246315,0.642826255805953,0.510161216003859,4.44480347155042,1.83571352299553,1.2173567944789,1.26004532614469
"Harbor","Beaded",1.56360414287111,1.47136577710263,0.638847983619637,0.535398956584115,4.58992643811494,2.73045217992876,1.29284258049629,1.19321858170127
"Harbor","Beaded",1.46311871993465,1.52346730454547,0.729181271852681,0.6860251369495,4.68378967102289,3.05515777509314,1.39180093823191,1.06290751253676
"Harbor","Beaded",1.59301321036782,1.41424908039909,0.618086995225865,0.576433278142591,4.58982779708725,2.43461811876938,1.29798019244254,1.07226112485645
"Harbor","Beaded",1.30059460491182,1.2111450324491,0.561802264272165,0.392927480209041,4.20430536326402,1.23495024939081,1.07891106747816,1.42978613756737
"Harbor","Beaded",1.46851463165888,1.52321005640828,0.670218703929111,0.599997367553366,4.5331593463048,2.29936578486408,1.32458852999486,1.11703607411161
"Harbor","Beaded",1.61221464593258,1.55153395445571,0.759378270796132,0.624558377325259,4.58875829332936,2.65181800957625,1.40340204989029,1.21586435850601
"Harbor","Beaded",1.25719667324462,1.37199988830451,0.466326949393165,0.402679121791755,4.15494102821003,1.97722331463833,1.06119295487311,1.15806090794627
"Harbor","Beaded",1.51728639954464,1.45885743486463,0.622281398065752,0.557520871752305,4.57963242923365,1.88690039104692,1.28597284467244,1.11615803029921
"Harbor","Beaded",1.40219860158867,1.38758902633875,0.633950023273869,0.505085528256517,4.51173001081851,1.97444810674202,1.22960802043818,1.25513400762475
"Harbor","Beaded",1.57267643713753,1.55338451754663,0.662958429773976,0.568886992897674,4.59573521585531,2.67625520070274,1.33461846888182,1.16536049874711
"Harbor","Beaded",1.21292995407896,1.25957225202335,0.499767484365395,0.468179948693431,4.2814428613759,1.63612201094633,1.08884472882902,1.06746879220291
"Harbor","Beaded",1.46239715557408,1.36878625278879,0.637038602432066,0.491787039652438,4.31749740527411,2.15128730151446,1.22043646863782,1.29535459674229
"Harbor","Beaded",1.55167525962546,1.4754515861999,0.736114448805094,0.572381380161553,4.44772944338756,2.57289284354218,1.33813213415836,1.28605589615324
"Harbor","Beaded",1.44798623368789,1.54756566945162,0.607521323852682,0.554843271612937,4.41234194214403,2.64861209819248,1.27222201437384,1.094942220506
"Harbor","Beaded",1.31396976840902,1.40371633293881,0.585716616894629,0.450921190001382,4.28176366887156,2.01975522418866,1.15839085891899,1.29893344975168
"Harbor","Beaded",1.57976191768326,1.47867755789429,0.719561132845242,0.604045751475069,4.63658571972229,2.54460833807358,1.36320192039991,1.19123614575235
"Harbor","Beaded",1.34559662416943,1.44925509795921,0.646742999245432,0.530333923381974,4.36913900726418,2.18607259821121,1.23921695403445,1.21950147017017
"Harbor","Beaded",1.31929988677031,1.42957783811166,0.640682864202952,0.468150719772264,4.47959429769509,2.38286627529135,1.2043806346255,1.36853973975436
"Harbor","Beaded",1.53312807538963,1.49424945461581,0.770024522317808,0.665812238392735,4.63255002694164,2.66143865278859,1.40325176803019,1.15651902731112
"Harbor","Beaded",1.42863522234324,1.43292414494943,0.614891288955623,0.500000487924356,4.42191553951412,2.27612253174445,1.22717006605699,1.22978137783067
"Harbor","Beaded",1.49499266777831,1.36565670161189,0.584073236038404,0.461245878286119,4.41498460211127,2.01100657852187,1.19415835100794,1.26629475413132
"Ringed","Beaded",1.40068683187672,1.59695198200382,0.473549290968297,0.385468760448611,4.45662843451014,2.85845144403398,1.12719419023103,1.22850238348025
"Ringed","Beaded",1.38068662956101,1.4667427143055,0.407915023583773,0.291262260388072,4.44383448472286,2.56545181574162,1.01347296940187,1.40050764915535
"Ringed","Beaded",1.76871382927562,1.61870260248644,0.647482989095628,0.527320497218461,4.51736568655016,2.5750597544436,1.34586835002306,1.22787373620219
"Ringed","Beaded",1.42061783492168,1.49685837129819,0.512278808873939,0.486236895118191,4.43804757395216,2.66137467270138,1.18642651886116,1.05355807841241
"Ringed","Beaded",1.50293451513258,1.42258247710762,0.392158211796343,0.414434884577129,4.46717220582344,2.96827804592623,1.09192690004538,0.946248075126408
"Ringed","Beaded",1.603284712213,1.67017865768181,0.537351793398706,0.293867282157586,4.44157742923253,2.34854943928041,1.1343423631752,1.82855263591593
"Ringed","Beaded",1.54272228359018,1.35816256339447,0.54750842775366,0.454735928808061,4.1790931715209,1.69536222898817,1.16867654488956,1.20401400696174
"Ringed","Beaded",1.45418279417131,1.19672411912007,0.498384163930626,0.475671829569203,4.2915600261318,2.03068329528432,1.12103708760925,1.04774790716951
"Ringed","Beaded",1.61893523655667,1.70466053906233,0.562146008962195,0.543632832840586,4.44354414539001,2.86340352622403,1.30241784637769,1.03405455852413
"Ringed","Beaded",1.49404219037609,1.36103948670287,0.470143588797081,0.370681806416032,4.38719498514905,2.33034257142857,1.09227114914333,1.26832118722713
"Ringed","Beaded",1.81383137133482,1.815465140141,0.690513174715455,0.543534844014159,4.65814039739463,3.38570916889525,1.41918610811881,1.27041197509219
"Ringed","Beaded",1.32975401196792,1.34491858693138,0.329382514783291,0.142170865115945,4.16096709678984,1.88706657202549,0.809905870163925,2.31680741700959
"Ringed","Beaded",1.68171357344804,1.57113249659618,0.552026545667984,0.637445932644398,4.45014792784775,2.95267380313132,1.32846011857611,0.865997439779624
"Ringed","Beaded",1.47556089482753,1.56446055500046,0.62766476933055,0.442466030322856,4.38464151655532,2.73957225745537,1.22962506284266,1.41856035563354
"Ringed","Beaded",1.43808264407786,1.64622532322638,0.573722446881642,0.550238431514123,4.31171180196996,2.66113881516467,1.26367420945335,1.04267970760039
"Ringed","Beaded",1.49466992799386,1.44047007824786,0.439757305411453,0.408603242139349,4.41478012197928,2.23533096855566,1.11299880378793,1.07624526694646
"Ringed","Beaded",1.58556202462545,1.67513912347989,0.695744392979686,0.605922374951718,4.48849975032384,2.69001414177598,1.38114859376025,1.14824014055451
"Ringed","Beaded",1.62468459848539,1.60039015884857,0.577352817509271,0.421063843615853,4.37038816732373,2.70922246563623,1.2253519252697,1.37117642909279
"Ringed","Beaded",1.56904414533544,1.56079094458133,0.649528581508337,0.537338541792878,4.46835610088416,2.66587808316793,1.30735877709475,1.20878837267308
"Ringed","Beaded",1.8137520244373,1.71236638297232,0.665241692011941,0.594703892695294,4.53941436106068,3.38786549225657,1.41023319859563,1.11860995057046
"Ringed","Beaded",1.46261895885666,1.45575796282472,0.530414749568982,0.361178619399174,4.31193313838208,2.23034091318914,1.1195564680082,1.46856630232248
"Ringed","Beaded",1.79045766006623,1.66187024766711,0.69612864327067,0.585617260371083,4.58281493670652,2.63626910960584,1.40928676089968,1.18870923105914
"Ringed","Beaded",1.55191258008709,1.37848715173632,0.554676033973759,0.303008673731555,4.29528513463919,2.34150192503101,1.09081546739211,1.83056157153166
"Ringed","Beaded",1.06978419943681,1.16711602205418,0.271256460153294,-0.129690343632284,4.2482729614002,1.42100916267468,-0.714795929859425,-2.09157021684203
"Ringed","Beaded",1.78895893514197,1.76440713121143,0.734538785302282,0.685645782866033,4.47629308683069,3.04028592628381,1.48062966503662,1.07130941902957
"Ringed","Beaded",1.37834746072661,1.46240380808583,0.612917096028162,0.408560410403759,4.25747135125974,2.09035406404041,1.16532524283535,1.50018719489352
"Ringed","Beaded",1.44450138376256,1.47979972536861,0.505652780263431,0.300233432321561,4.22156830564929,2.30572236474871,1.0649794684888,1.68419877944125
"Ringed","Beaded",1.38012070910545,1.41962895615046,0.44731355667178,0.35395797562833,4.31819349316323,2.42009667820415,1.06020917113557,1.26374764088231
"Ringed","Beaded",1.42937340669877,1.61755929737451,0.632685464958243,0.453368388436741,4.4354365724393,2.44245798987268,1.24084139914146,1.39552178999468
"Ringed","Beaded",1.66671364650253,1.7548258233533,0.711068135570054,0.520460630471605,4.50843010993058,2.64815080119873,1.37304221505293,1.36622847904122
"Ringed","Beaded",1.34216702039742,1.47819441246119,0.521397005929799,0.333223128683936,4.47582316720958,2.32521878252808,1.09059359309962,1.56470833218887
"Ringed","Beaded",1.77817936852773,1.76078825648636,0.647220909990349,0.608901540667668,4.60057135428082,2.7541895766193,1.41520324828484,1.06293196315559
"Ringed","Beaded",1.42798126843078,1.43203384471525,0.466869517012804,0.159832350371631,4.23215990726419,2.23440250319191,0.916261868611261,2.92099512975484
"Ringed","Beaded",1.50166156865115,1.4264958671507,0.513069657071424,0.243516593048311,4.29747586744191,2.7051391533726,1.02837659564438,2.1069186729696
"Ringed","Beaded",1.42191302565375,1.64318075093065,0.570864626497227,0.374872083650573,4.34435071787049,2.31631343495413,1.16783072351964,1.52282512194038
"Ringed","Beaded",1.02966182478727,1.40485545119145,0.47740738396392,0.182495936577779,4.16684611002806,1.59022000837846,0.879134268110935,2.61598911688891
"Ringed","Beaded",1.53416107029993,1.58199541152362,0.5218104855636,0.482493790649709,4.59335777998908,2.95254272125754,1.22925560298302,1.08148642671846
"Ringed","Beaded",1.75157974097814,1.81107074921306,0.6312342814143,0.615498886779111,4.60682918044435,3.19128483929923,1.41526268926783,1.0255652690414
"Ringed","Beaded",0.942758063740413,1.06369605550136,0.193180882266582,0.28813068767294,4.14361789152295,1.42381269244175,0.746157026425446,0.670462711996384
"Ringed","Beaded",1.63410741573127,1.67490634400383,0.555432095493979,0.554274909903682,4.45024935195134,2.80893929227721,1.3025737839298,1.00208774665716
"Ringed","Beaded",1.56317438950909,1.62979187235683,0.682699753635083,0.581715815165195,4.46914107208126,2.78978060879372,1.35226202458155,1.17359668731236
"Ringed","Beaded",1.57313542144239,1.55644557751427,0.365779662551487,0.447229865813817,4.45075961180643,2.93601681896217,1.12257898587795,0.817878434585051
"Ringed","Beaded",1.43867084826812,1.50252506383937,0.528211482007029,0.348262765362155,4.42096617496802,2.22499671561923,1.1194457413757,1.51670386427256
"Ringed","Beaded",1.62203243071727,1.62823684200023,0.485207922258066,0.525444569596972,4.45129931420993,2.01912017713411,1.24550002318577,0.923423611800253
"Ringed","Beaded",1.41410344014913,1.72216733073117,0.656883361643371,0.48538546800927,4.49385267200783,2.9457548274943,1.28395581163942,1.35332309048615
"Ringed","Beaded",1.3734434600926,1.43257987755853,0.521376662265863,0.351469628444196,4.22100032163106,1.83294074690779,1.0876192395357,1.48341882220029
"Ringed","Beaded",1.39521960762707,1.50747288211573,0.525578532040087,0.455322352980277,4.319656356882,1.88704031384435,1.16804499653763,1.15429986821414
"Ringed","Beaded",1.59632667364192,1.60471094395728,0.70639139413046,0.646509822746115,4.59130805785232,2.90829897274863,1.39963601501508,1.09262283306075
"Ringed","Beaded",1.71306183450236,1.57453030029536,0.629325226933875,0.618110861007725,4.44493826788207,3.24570070177617,1.36064948729966,1.01814296857342
"Ringed","Beaded",1.53628049691567,1.56245047267752,0.435019929525461,0.375888587735105,4.37922322043744,1.88916982612092,1.1144188022098,1.15731081953471
"Ringed","Beaded",1.2780098470901,1.23471117320235,0.27713626178586,0.307858745337986,4.05348786323564,2.00577644461828,0.885920315836255,0.900205909309488
"Ringed","Beaded",1.3357645130447,1.23534998250544,0.38187692889934,-0.00949434468609717,3.93730817416658,1.80253635399047,-0.472521471570425,-40.2215151782443
"Ringed","Beaded",1.73898944480459,1.66526547427292,0.688882656425698,0.519107697962596,4.45072034505882,3.55726420211209,1.35744640026983,1.32705151383699
"Ringed","Beaded",1.72712077872989,1.6386734599772,0.605417989699951,0.464079930840026,4.56863857623494,3.08018401945068,1.29434487423825,1.30455542131307
"Ringed","Beaded",1.65099748695432,1.60370910440733,0.506094302148602,0.374859465481782,4.3847825716225,2.73006635632173,1.1710730856177,1.35009076400979
"Ringed","Beaded",1.32231720026592,1.41997770238632,0.41134197638343,0.218780201319599,4.25778378666909,2.09056729202411,0.936272709552115,1.88016088248558
"Ringed","Beaded",1.47291320333558,1.37084057777881,0.561439715692933,0.448443466702189,4.36663224145502,3.26491089170115,1.17290897957497,1.2519743454436
"Ringed","Beaded",1.52313688749172,1.43651070931648,0.560502770420666,0.428335731207545,4.41754646737351,2.39064300390113,1.18336358177475,1.30855945368023
"Ringed","Beaded",1.71497259580515,1.63445328074016,0.709710947846804,0.578648076853432,4.63300451030295,3.16617146572776,1.39764761423191,1.22649841282816
"Ringed","Beaded",1.37639501769837,1.66698760052057,0.42866898121137,0.245921954089874,4.31610110458847,2.10950686524798,1.00864255239442,1.74310985287108
"Ringed","Beaded",1.38079255635853,1.34887974605723,0.303464319312101,0.213727040955681,4.27366266626104,2.25707857367667,0.87614059538872,1.4198686228713
"Ringed","Beaded",1.61054150550027,1.48658091751032,0.422307960041222,0.455593182346303,4.44783116157011,2.33235105439649,1.15425841785601,0.92694091221106
"Ringed","Beaded",1.46810697573677,1.43863478509708,0.471786766033003,0.405090964349175,4.34234069952973,2.42933610493792,1.11878360384786,1.1646440122183
"Ringed","Beaded",1.46506579345348,1.44075714450195,0.367639556848047,0.327334753182873,4.38138663866681,2.91966134857213,1.02163265986325,1.12313023066835
"Ringed","Beaded",1.65869534721282,1.52364131818279,0.635589137277498,0.35198213541196,4.31148649826739,2.48164427580501,1.19507372268492,1.80574260262841
"Ringed","Beaded",1.56272915524251,1.45104522500396,0.640168596973187,0.510481204866854,4.52260870319725,3.36798302275493,1.27363668597546,1.25404929872033
"Ringed","Beaded",1.67882206910127,1.61335137418663,0.525088039063059,0.608481276037398,4.40899955108807,3.41519640849243,1.30710539266052,0.862948556909723
"Ringed","Beaded",1.3653084188473,1.38333231841048,0.585188726090225,0.288874345718959,4.12817986809594,2.54855618765344,1.05677897861545,2.02575526266893
"Ringed","Beaded",1.28765082212341,1.33244635623504,0.475782069780629,0.290590396044597,4.47013225647343,2.14286732981592,1.01179262328719,1.6372945433049
"Ringed","Beaded",1.55340076669046,1.76630907231553,0.643793671192545,0.517727138130125,4.54405366179445,3.22523866624133,1.32962220683404,1.24349995157243
"Ringed","Beaded",1.37258075219915,1.38852492204332,0.564316459159714,0.294213241383143,4.40439395115501,2.5122830002091,1.06864272763592,1.91805255435403
"Ringed","Beaded",1.67389664999236,1.59111334591463,0.61209852395414,0.345926327191127,4.42695001857709,2.47558960301066,1.20079221909563,1.76944764200023
"Ringed","Beaded",1.49588435165596,1.47913302302592,0.520263162173391,0.375988189817527,4.58665111189756,2.58061082926591,1.14699004264444,1.38372208559498
"Ringed","Beaded",1.41558340342762,1.46476172449393,0.467115365453388,0.325325987999758,4.42743443975366,2.65120857186098,1.06885673711083,1.43583784475815
"Ringed","Beaded",1.52923558020676,1.40588238933169,0.447923673783975,0.224784014224109,4.3715305346778,2.07325178403232,0.989020441891588,1.99268473485573
"Ringed","Beaded",1.31606499741738,1.30638030882382,0.463141449313712,0.240823329684631,4.3724053364376,2.69367785009304,0.965374710052275,1.92315856574285
"Ringed","Beaded",1.36797197866418,1.27722626648978,0.451234711238288,0.350950497082908,4.09759467170446,1.79788247647625,1.02542636684527,1.28575031233447
"Ringed","Beaded",1.53599652886654,1.38674637914423,0.669750947305104,0.315966126061629,4.32150801377154,2.59606776980165,1.14265544088099,2.11969224566329
"Ringed","Beaded",1.61291407682163,1.65779325546809,0.699358341055112,0.605278583575508,4.61750244577237,3.34862963204265,1.39200488798426,1.15543215972364
"Ringed","Beaded",1.3166076240366,1.07177026653413,0.241352310136005,0.121260551436937,3.96706143583161,2.10663772188486,0.696433412736682,1.99036131104454
"Spotted","Beaded",1.6590390351062,1.60841684321698,0.750509182925088,0.600371533160256,4.53253110230065,1.94470225750295,1.40370039596492,1.25007456461923
"Spotted","Beaded",1.69237690730131,1.72001897354548,0.763961933128063,0.70994969221835,4.61643894000479,2.16273737027243,1.48774104091295,1.07607896939985
"Spotted","Beaded",1.61170285167664,1.66817280806613,0.817128012686984,0.581874010944053,4.61195052361815,2.0661799000391,1.4259554000448,1.40430401997375
"Spotted","Beaded",1.57677517922462,1.4758138215428,0.683780991623672,0.614227280229324,4.43985693668849,1.85153307544022,1.34116833103705,1.11323774380125
"Spotted","Beaded",1.62416223473512,1.5389491088626,0.699963240814888,0.622867664860889,4.53868535926853,1.99311280987505,1.37673689900686,1.12377520989345
"Spotted","Beaded",1.69480384926359,1.58486255447212,0.695357058496604,0.629832744312282,4.53309661885515,2.09366696509729,1.3976158748849,1.10403446752498
"Spotted","Beaded",1.62466103881751,1.57142121775572,0.720492229781436,0.566599560343253,4.48058393020493,1.92032469440769,1.36100307373348,1.27160746355848
"Spotted","Beaded",1.66275231796346,1.62032083431673,0.694722823943566,0.712135818660317,4.54154204655486,1.98454174363362,1.4335117695427,0.975548211084918
"Spotted","Beaded",1.60425073087808,1.62908824195316,0.727694945203889,0.681591142312731,4.51272676420066,1.97997702855099,1.42372410445632,1.06764143491466
"Spotted","Beaded",1.7067501458964,1.68848899100797,0.771926347649101,0.694456024703592,4.61943532853145,2.13849230027192,1.48147912924309,1.11155540479122
"Spotted","Beaded",1.76495552350525,1.82768196476359,0.80770461883164,0.70535204296905,4.66161692433163,2.18168111421395,1.53661792053867,1.1451084984907
"Spotted","Beaded",1.35998012781711,1.54703695819282,0.693995227269823,0.570410310020311,4.45083125032689,1.82318506223871,1.29958187620925,1.21665968352695
"Spotted","Beaded",1.54740423499836,1.51780474322399,0.733505759352741,0.625372696528684,4.5237128244585,1.82645123620652,1.37268671852581,1.17290979191174
"Spotted","Beaded",1.46874315971141,1.59868302971227,0.674149986548514,0.602007812637042,4.39488302796633,1.77363844676321,1.33168908466049,1.11983594298463
"Spotted","Beaded",1.29131729510932,1.30100596340356,0.626797817966382,0.503454460322379,4.32648897156748,1.52876526367656,1.18061176015427,1.24499407069514
"Spotted","Beaded",1.69773667583549,1.76683239037945,0.780539280858879,0.757438552410706,4.63627811251905,2.27619089987064,1.52403684498393,1.03049848515718
"Spotted","Beaded",1.81099060436095,1.87473901460296,0.900012676218201,0.697629667228019,4.66431266435763,2.31865403284738,1.58308286197237,1.29010092101492
"Spotted","Beaded",1.70344725911026,1.71998928019188,0.790939438966379,0.649756882252495,4.71428254070724,2.19513990068909,1.47990157318138,1.217285204005
"Spotted","Beaded",1.74991008926332,1.62924467278156,0.674055018961125,0.626337628159496,4.42739200795161,1.88295305367143,1.39743229064597,1.07618477424364
"Spotted","Beaded",1.44756032267495,1.4464249565036,0.540540919026456,0.59046995809105,4.38298918251317,1.66132350896002,1.23978355566564,0.915441863924777
"Spotted","Beaded",1.73698924968436,1.76082842256281,0.865201414308146,0.734309245513313,4.62160168711672,2.29238053876765,1.551174226421,1.17825210508324
"Spotted","Beaded",1.49629294256122,1.48260392306781,0.677142862321232,0.541371282144355,4.47421827888818,1.97069467956912,1.29475289840095,1.25079198815107
"Spotted","Beaded",1.38964159253128,1.27879052815997,0.635805471475848,0.457930563787888,4.37443083611749,1.65178033676776,1.17746913616448,1.38843205008336
"Spotted","Beaded",1.59242889652912,1.64983116537094,0.73905548510624,0.669968974911043,4.47642804395816,2.18441259411055,1.42243548982809,1.1031189693588
"Spotted","Beaded",1.61021450826167,1.46021851638638,0.772297505647245,0.610249707541539,4.50413768845911,1.83376747971229,1.37924396192937,1.26554342608132
"Spotted","Beaded",1.80168223018814,1.63217859568976,0.812575683589421,0.661017056513976,4.55074526378721,2.00676367736097,1.48361418629783,1.22928096269516
"Spotted","Beaded",1.5921294404528,1.51519608927179,0.71818270384206,0.592529548340519,4.49283493390837,1.86442431922999,1.35763343888066,1.21206226061376
"Spotted","Beaded",1.85635586565239,1.73390519715766,0.803135596245832,0.713337808951291,4.62304044003961,2.16863168590076,1.53511062916323,1.12588395871874
"Spotted","Beaded",1.65783846342144,1.74530520173609,0.731777354986527,0.641030600314662,4.50391474128202,1.91628106694012,1.43632360071226,1.14156384208074
"Spotted","Beaded",1.52089404541924,1.4259463459378,0.663241045150233,0.615322338824344,4.5300565967918,1.92035253124333,1.32012777896194,1.07787577876247
"Spotted","Beaded",1.67718419780092,1.72729321191964,0.775094806912528,0.690845066822333,4.59386978705051,2.01863670014529,1.48105845378814,1.12195171411981
"Spotted","Beaded",1.58197644504229,1.47881313257751,0.697059802321499,0.447822542741547,4.49578339743282,1.77302995910063,1.26840789390823,1.55655362513493
"Spotted","Beaded",1.64102852354374,1.69195070219548,0.692857701710426,0.647307196940301,4.57796627121974,2.11530002667665,1.41640085939905,1.07036922343121
"Spotted","Beaded",1.55769708193885,1.54397885007834,0.62814928028022,0.540524318303546,4.48478624545935,1.8586186911316,1.29642931024814,1.16211104479386
"Spotted","Beaded",1.65521355039098,1.64718212270734,0.774773652435861,0.660433587336156,4.51782576349027,1.88762633493753,1.44512636765741,1.17312878583431
"Spotted","Beaded",1.66779594565452,1.70805673104696,0.7575532266081,0.664918466616787,4.57936388851261,1.87261002593753,1.45722422172798,1.13931747220475
"Spotted","Beaded",1.43551955864801,1.45708183560329,0.600715597199663,0.520645889395414,4.35907596131416,1.69219616493737,1.23316096662184,1.15378918653757
"Spotted","Beaded",1.59706918597051,1.44703838440281,0.612244800083554,0.582216052899497,4.42167964695604,1.52630042407077,1.29503071055664,1.05157663900628
"Spotted","Beaded",1.61159378448904,1.65881532828153,0.757907027152876,0.595844039458999,4.53926088740831,1.88504956111594,1.40526250971522,1.27198893831517
"Spotted","Beaded",1.6442693364603,1.65314555473394,0.695786542516472,0.711602014413808,4.60420712116548,1.95028680220942,1.44022524580166,0.977774835403799
"Spotted","Beaded",1.37634860839525,1.37943650306445,0.52376470634293,0.527397809919913,4.472740645549,1.47995642219768,1.18592079967125,0.993111265332075
"Spotted","Beaded",1.78096836193819,1.68451656613939,0.75014907912651,0.720180867587221,4.50323823148604,1.96009914769881,1.48815824458436,1.04161206286928
"Spotted","Beaded",1.8180781241301,1.72799545010034,0.755776997351813,0.668915466297421,4.68749177321801,2.09948923497683,1.49407401427302,1.12985427222245
"Spotted","Beaded",1.50845880871269,1.56056759253494,0.696227287558379,0.548751129790204,4.61861171584034,1.85139396143482,1.32950750145252,1.26874870913625
"Spotted","Beaded",1.44593125124494,1.37895349953696,0.570115949005052,0.477238884133541,4.34191519160717,1.54050315159621,1.18690380696863,1.1946133644163
"Spotted","Beaded",1.70224577983113,1.4947312321085,0.666454088332916,0.600012149273838,4.50213621162009,1.76072752608395,1.35577261451296,1.11073432286244
"Spotted","Beaded",1.63931278918589,1.67402889515277,0.766092794280114,0.588832557596915,4.55030792737584,1.79828730243671,1.41301818574268,1.3010367453298
"Spotted","Beaded",1.69109199108507,1.59556942312585,0.729001935332171,0.701075784897497,4.43510176642,1.74171300371697,1.43646826251643,1.03983328341423
"Spotted","Beaded",1.31794469571695,1.40675937109169,0.563859616220527,0.453836082859282,4.3307034385037,1.56852741295319,1.1549125278083,1.24243011412418
"Spotted","Beaded",1.66420943466584,1.63414087471819,0.684463994034687,0.707265588609332,4.56816961637195,2.04959643067448,1.43164244533375,0.967760916207617
"Spotted","Beaded",1.68520240537155,1.47765361219265,0.634646799326341,0.617250043487176,4.46725625700555,2.0388338948,1.34230670593062,1.02818429260998
"Spotted","Beaded",1.78244057918952,1.76351545528074,0.845348498336079,0.745710602828238,4.63907351890833,2.26100639427908,1.55842654830552,1.13361469600935
"Spotted","Beaded",1.75506611089554,1.56771576644841,0.697055750435231,0.582381692218607,4.49345465131262,1.81413814245782,1.38077615842899,1.19690532815303
"Spotted","Beaded",1.88556947483675,1.85070103199667,0.87547794769862,0.762606781477873,4.6441180137661,2.28385168701281,1.61007306772753,1.14800703188347
"Spotted","Beaded",1.60500958855171,1.6346797432596,0.721439579951912,0.547470112206107,4.46581657916319,1.81388960002259,1.35854589578846,1.31776979942297
"Spotted","Beaded",1.72262891300805,1.70850929817146,0.772438423755701,0.667049179922555,4.59384006175105,1.98761664561425,1.47435251396874,1.15799321400168
"Spotted","Beaded",1.72389609638296,1.56834155558018,0.79055806031935,0.665384207960847,4.60262826165001,2.13950293506955,1.45610528860563,1.18812266786751
"Spotted","Beaded",1.54758669537307,1.59001206594359,0.706867321538013,0.614119752715538,4.48140475231562,1.67018951986465,1.36776696359523,1.1510252168447
"Spotted","Beaded",1.4209508457602,1.5666133115569,0.647112480225398,0.652807283543945,4.51517582355097,1.62505436749707,1.33535291930243,0.991276440287811
"Spotted","Beaded",1.60155730741928,1.56740159930517,0.745993520812081,0.532436012469021,4.45522227055653,2.11180855744228,1.34746944039711,1.40109516137488
"Spotted","Beaded",1.61536780167049,1.6440303970911,0.770427782925905,0.686410581831806,4.51882492659924,1.99187299694251,1.44711997199179,1.12240079526438
"Spotted","Beaded",1.4188879295033,1.48141738193524,0.656215498697982,0.579781328367365,4.43852258051208,1.8328384448634,1.28835318210429,1.13183275588721
"Spotted","Beaded",1.70641328147951,1.75240224593946,0.712034046531271,0.629628388725188,4.52590813549728,1.92553802086809,1.43417373267614,1.13087983210689
"Spotted","Beaded",1.68580401194063,1.48868688523002,0.661897422686415,0.546502090821758,4.47959300260608,1.72017403211779,1.32387293668669,1.21115258990344
"Spotted","Beaded",1.80373751915698,1.73997156890984,0.84809807167033,0.716728473957694,4.6176749077111,2.33017310736362,1.54521144406454,1.18329060793026
"Spotted","Beaded",1.64759278840809,1.80039412596483,0.777783460719231,0.694716243568303,4.63402100644216,2.04129937488522,1.49337310299374,1.11956999410906
"Spotted","Beaded",1.29466980947661,1.27111215808617,0.561805641742611,0.483912399168869,4.28480106995109,1.48576261414034,1.13900408246695,1.1609655853157
"Spotted","Beaded",1.44859101313887,1.40567384620164,0.581243475653995,0.550305991145255,4.4000292059889,1.62875677033922,1.23438219418716,1.05621869470175
"Spotted","Beaded",1.64951500362272,1.54821270944393,0.690189157566926,0.719348565318391,4.5292188666423,1.98012249734916,1.41848106900509,0.95946414692777
"Spotted","Beaded",1.59420580372446,1.46434613364201,0.711883011856161,0.537079025180761,4.46236864283254,1.665376692332,1.31837840113519,1.32547163169623
"Spotted","Beaded",1.61130784898474,1.44900557476677,0.634945027831701,0.543626565534165,4.52328554992867,1.79821468242678,1.29523292711275,1.16798013211111
"Spotted","Beaded",1.59917700040752,1.5717029210231,0.704695486576312,0.563385520970443,4.45970813786479,1.84111982764046,1.34795725603217,1.25082285636745
"Spotted","Beaded",1.68750425234492,1.75834040526563,0.734094304162336,0.687347570388223,4.52456357898947,1.90236339086196,1.46612350579068,1.06801032809021
"Spotted","Beaded",1.58517143412155,1.43855363119839,0.680671553651476,0.564156190045376,4.49426665597289,1.80053314365579,1.3152236756236,1.20653032912167
"Spotted","Beaded",1.54267130625436,1.56190403069051,0.721136200313843,0.589580755269672,4.55263548377839,2.00523537942287,1.36066196361344,1.22313388601702
"Spotted","Beaded",1.60826953951161,1.77580346817555,0.746436176840677,0.541333407003035,4.63294846320027,1.91695736341201,1.39834309727452,1.37888437547785
"Spotted","Beaded",1.5994107296717,1.55939991986566,0.736079780185225,0.661569516133594,4.57417608657475,2.17975321462869,1.40911407558693,1.11262650747134
"Spotted","Beaded",1.80541783626554,1.77610445237929,0.742645409575355,0.746415988831144,4.6716730794236,2.15812092394498,1.52706042419556,0.994948421105375
"Spotted","Beaded",1.6771825958621,1.56095746569828,0.732946184946488,0.63390550915865,4.63579705179464,1.84948824836183,1.41331344089568,1.15623886266471
"Spotted","Beaded",1.61993538322546,1.60265259722004,0.722413476452065,0.623582008306213,4.46129087358405,1.85567474607907,1.39153908043225,1.15848992887768
"Gray","Beaded",1.49599671143799,1.5219916273588,0.517460710451713,0.529238275460735,4.27114583853588,2.762066437561,1.21641897408227,0.977746195702174
"Gray","Beaded",1.57140206193179,1.48366378091919,0.524212430349506,0.398240224362565,4.34671430114562,2.55958902961367,1.16168202558457,1.31632215502233
"Gray","Beaded",1.37389145710737,1.35760345569793,0.37196714146171,0.395958535491742,4.22106738571571,1.71701502075387,1.03005493210741,0.939409327291716
"Gray","Beaded",1.4484970922652,1.41965973097139,0.533075164232557,0.466565685643577,4.41703342070211,2.83110816988991,1.17702791833752,1.14255115760868
"Gray","Beaded",1.52928442410498,1.45318550417616,0.602680386451698,0.41322500712311,4.52298010447643,2.73696353344928,1.20143846111777,1.45847994691218
"Gray","Beaded",1.49881654238951,1.42149744825267,0.622355421079348,0.471678365122102,4.36656938701454,2.81570524012922,1.22254223693671,1.3194487326512
"Gray","Beaded",1.47696879430198,1.5600370075554,0.546693316725727,0.38989721323371,4.36352515534618,2.70536857073833,1.16468241967127,1.4021472792575
"Gray","Beaded",1.50307445369897,1.51228158862015,0.556789987570372,0.525649106433302,4.36302480504661,2.1721923002781,1.23753541913843,1.05924271677806
"Gray","Beaded",1.50979500120377,1.55722562626822,0.501731028827481,0.530143868525181,4.35736399152191,2.81030677194596,1.22200114733402,0.946405416747074
"Gray","Beaded",1.4671984977428,1.54094810645194,0.642813325112476,0.512744610009891,4.41098147367422,2.44760274660565,1.26870198421501,1.25367154049669
"Gray","Beaded",1.11936615141943,1.33266363344011,0.394324598307413,0.330641604178738,3.66088555094443,1.28232423276868,0.934325167718119,1.19260429820032
"Gray","Beaded",1.52242996211805,1.51508782853206,0.61052823192564,0.562398985129612,4.42500587435529,2.89604077205605,1.28507315873592,1.08557847376794
"Gray","Beaded",1.53823321872293,1.42750145729235,0.475471272348899,0.451929177637052,4.37050413322775,1.88701246981358,1.15575289248112,1.05209244252592
"Gray","Beaded",1.52643840888334,1.44602365070057,0.483638327657879,0.492452938803935,4.29300787408348,2.08370076908039,1.17679377444125,0.982100602003787
"Gray","Beaded",1.6674026339675,1.64187314926621,0.574144747956527,0.649334015919637,4.53937636813028,3.81576201781317,1.3588551522639,0.884205561206244
"Gray","Beaded",1.51334942881107,1.5089357295859,0.637387845698075,0.580948192867948,4.44529771217759,2.8400743281998,1.30319798210114,1.09715092244543
"Gray","Beaded",1.55302365463063,1.50094683210895,0.539287565542621,0.5612142812562,4.1804655959615,2.8073585981052,1.24149058603059,0.960929868597608
"Gray","Beaded",1.55677575738646,1.44088116219172,0.57567767477899,0.525858216883002,4.4108026063245,3.20752172582537,1.24532865005194,1.0947393352362
"Gray","Beaded",1.40211377688486,1.41436721093618,0.469542524958648,0.496073781290644,4.17371688295534,2.34220414982,1.14029685231664,0.946517519504921
"Gray","Beaded",1.58072270595009,1.61946355231032,0.651183853552993,0.517059457903878,4.31697787958152,3.08764721909592,1.30055930497486,1.25939839915674
"Gray","Beaded",1.47347238514739,1.48023300923021,0.541207043998839,0.498161999650028,4.31561203070133,2.49182650196605,1.20472993968162,1.08640772354987
"Gray","Beaded",1.38205136776957,1.42190415880932,0.503210846402418,0.46314951016546,4.28991760274363,2.164818582633,1.14462422346006,1.08649763274638
"Gray","Beaded",1.55081035867506,1.48567332232227,0.557867849614582,0.479672518603768,4.42075610619548,2.38124534674385,1.22205555335718,1.16301815921918
"Gray","Beaded",1.47689286536797,1.47020307382468,0.625256532457715,0.53450467029383,4.29844713602555,2.5810781893523,1.25547922370061,1.16978684604196
"Gray","Beaded",1.38177675697215,1.50887492778617,0.504728626734866,0.411418594551386,4.26534815682467,2.07578040492181,1.1305180297764,1.22680071688356
"Gray","Beaded",1.57949894548191,1.64269481649283,0.562074754787522,0.560218807254693,4.46075705055911,3.14940331316386,1.29517159867004,1.00331289758358
"Gray","Beaded",1.49427971965507,1.41444142697776,0.490943185683237,0.439585702954747,4.44646728440204,2.69942656587617,1.15191743945935,1.11683155840438
"Gray","Beaded",1.47474504609629,1.45283173520853,0.616924285159681,0.523958036709679,4.22444113201491,3.14811307017473,1.23949842660717,1.17743071379114
"Gray","Beaded",1.55079517517578,1.57942766125193,0.647763945771186,0.55075376851108,4.40600807419497,3.07741537280723,1.30946755947545,1.17614074166459
"Gray","Beaded",1.44745109651194,1.4704005616732,0.564253010755348,0.440789654418039,4.30764456291653,2.36473242187759,1.17922571112511,1.28009585774039
"Gray","Beaded",1.55634748938026,1.55837516854773,0.607638965489963,0.523972119283409,4.42050573068742,3.31090809507909,1.27832378081423,1.15967804989505
"Gray","Beaded",1.32700828632255,1.44372986939032,0.511635964718394,0.423660757974912,4.17201903478526,2.37361292525233,1.1161871856661,1.20765483960327
"Gray","Beaded",1.52284473563326,1.42180967861197,0.620031560150635,0.5051538598027,4.38723523967597,2.66900191977152,1.2436698248332,1.22741130869079
"Gray","Beaded",1.37228801735962,1.43174058178237,0.455114131238963,0.398420581652435,4.12700394482246,2.44754661383857,1.08014314839458,1.14229573520372
"Gray","Beaded",1.47556200132941,1.52557389174419,0.524405244097278,0.478916659409743,4.20347978758736,2.54574695865402,1.18900951179797,1.09498225587642
"Gray","Beaded",1.52949808935552,1.64843207620442,0.582597264246909,0.534748698332628,4.5334679369802,3.05157356990643,1.28918054872308,1.08947860193671
"Gray","Beaded",1.44198797594588,1.4161630945304,0.49945119764168,0.414681320657918,4.14923672401245,2.09259247684553,1.11905164833761,1.20442173968499
"Gray","Beaded",1.35658919560582,1.44652412678042,0.636559661781109,0.478104250914594,4.26079125991983,2.51940828231453,1.20538338994356,1.33142439240688
"Gray","Beaded",1.5522274540695,1.5092103776922,0.547945693201152,0.566189796844451,4.33813796815659,2.74709219245646,1.25817662379654,0.967777406542861
"Gray","Beaded",1.40750802945713,1.40414116779099,0.494860273145466,0.428651231195794,4.01286385029707,1.66766607326595,1.10963602759058,1.15445900333698
"Gray","Beaded",1.54717734191468,1.60245746410622,0.610595730838671,0.532710489504145,4.42763098541315,3.26232291341392,1.28987791641338,1.14620557107299
"Gray","Beaded",1.54537823241194,1.49344415929015,0.565722989130446,0.575138497410431,4.42905505189008,2.92185140975474,1.2716928360583,0.98362914615805
"Gray","Beaded",1.48948948183262,1.54921873312797,0.612954798432598,0.487788988189592,4.38728203969338,2.3105115378956,1.24796163722903,1.25659826948442
"Gray","Beaded",1.52870837932809,1.51520820781243,0.582729984565617,0.522592031794143,4.4531068355439,2.85452636257436,1.25723957966876,1.11507629108888
"Gray","Beaded",1.46261437041706,1.48247254109783,0.569955375579026,0.425925279162437,4.2097641710709,2.23097129964521,1.17249150949265,1.33815813116286
"Gray","Beaded",1.55736709104253,1.50060188580858,0.618396841620057,0.388575429263709,4.40823748757622,3.17543728427463,1.19876157204871,1.59144607468317
"Gray","Beaded",1.51558197834866,1.55824900958269,0.531767884695135,0.485891128974422,4.23326249335567,2.1100001469271,1.20901172654094,1.09441776765414
"Gray","Beaded",1.59940290695039,1.502099942449,0.541140534460438,0.527192745185649,4.22753032858644,2.95057333311205,1.23709937297856,1.02645671702079
"Gray","Beaded",1.4434441666999,1.44969633622193,0.509268843964575,0.427318077478069,4.20609268700658,2.25893247775922,1.13880888976215,1.19177931102321
"Gray","Beaded",1.30816582169598,1.36945335934727,0.496729960811932,0.426093956198069,4.06351379396899,2.25701116901481,1.09030374149382,1.16577565484414
"Gray","Beaded",1.52860524074163,1.49754679951937,0.519974197898235,0.414081763255662,4.34164689166526,2.6957844539348,1.16433949409469,1.25572832237288
"Gray","Beaded",1.52802834947069,1.56427115943401,0.591778950723985,0.566491546995876,4.47328743486591,2.84428147737652,1.29087633888131,1.0446386249931
"Gray","Beaded",1.59173838702621,1.629302697514,0.659568876923893,0.598141723944923,4.61376016932235,3.28823993903898,1.36395030388485,1.10269665284983
"Gray","Beaded",1.49891747030374,1.47971871219789,0.56431538190022,0.578696530990212,4.18779057924518,2.48643341900084,1.24848383045432,0.975149066358866
"Gray","Beaded",1.37306630198822,1.2916048015496,0.513546376688646,0.353954548148419,3.90006482760379,1.72564458640358,1.04684897087342,1.45088226546338
"Gray","Beaded",1.4605047304484,1.42620175347709,0.564611019225194,0.546007602512106,4.29459862405341,2.74206549211281,1.22492898371899,1.03407171736711
"Gray","Beaded",1.48524733460561,1.56779021001292,0.605778429250388,0.507450831595182,4.57844631113425,2.90724299818848,1.26795116132187,1.1937677338041
"Gray","Beaded",1.40606407177703,1.54517942450027,0.562804777110733,0.488901137473722,4.21335440517428,2.7919486939553,1.20292394066303,1.15116274840122
"Gray","Beaded",1.54362667123896,1.47857768247597,0.584480382505554,0.532378722143067,4.34643661462837,2.68387339531046,1.25285866194519,1.09786578275096
"Gray","Beaded",1.42015232053381,1.38893596552866,0.39607053029155,0.437518536295683,4.30767978597343,2.72374468608805,1.08045307595026,0.905265714328224
"Gray","Beaded",1.44065517631729,1.46069344318035,0.549774734392969,0.468085486308035,4.15567878410412,3.06762512009926,1.17612697151244,1.17451779744176
"Gray","Beaded",1.23613972028388,1.33623680778212,0.437384992182841,0.375425230880782,3.853797106218,1.85163255049881,1.00889375653508,1.16503888445829
"Gray","Beaded",1.50763762455412,1.46073597170691,0.596859550155983,0.546164450605562,4.42254924557379,2.21519415002723,1.25993281994602,1.09282021100827
"Gray","Beaded",1.44430192260253,1.46130405045853,0.46221606799784,0.434876606533047,4.06788656450065,2.38767225812819,1.11531026473772,1.06286716979962
"Gray","Beaded",1.3724148266544,1.35362602494259,0.540722858516171,0.437388142038803,4.38512817792262,2.14279965050248,1.14014903669408,1.23625404199504
"Gray","Beaded",1.38224308103592,1.45400745506469,0.511757016359615,0.458025511818886,4.19277531109623,2.41782872553887,1.14583273239214,1.11731116095991
"Gray","Beaded",1.49133342428217,1.54465878945203,0.597142963716811,0.537044782825367,4.43785430179882,2.90981684133592,1.26804257248465,1.11190534348974
"Gray","Beaded",1.53018241818015,1.48328200718462,0.599435411985334,0.498765415276087,4.42471126133676,2.45827600123142,1.24594284317537,1.20183836654657
"Gray","Beaded",1.46795017531293,1.49048445433865,0.549042235524988,0.509940047075377,4.33912817514911,2.68006767723793,1.21594301924345,1.07667997183957
"Gray","Beaded",1.55880095554027,1.65041576732257,0.528780114748926,0.454723427303622,4.42846236951791,2.80684183073535,1.22329693069943,1.16286094579388
"Gray","Beaded",1.42190085085398,1.38581316319843,0.519552363912213,0.510932880818579,4.31013812090503,2.97428984542015,1.17655347879402,1.01687008884577
"Gray","Beaded",1.5645088609861,1.50374278029798,0.561612834573072,0.507642302639439,4.28833849408243,2.39824166806732,1.23528479027174,1.10631606478227
"Gray","Beaded",1.36151250248799,1.44871289421183,0.570123794874245,0.397919519971234,4.23972858131453,2.09446376434769,1.13663568069928,1.43276156674962
"Gray","Beaded",1.5886536448732,1.5380129923269,0.663247085697553,0.568883945843707,4.41469281336041,3.35941604094203,1.3240907423336,1.16587414804595
"Gray","Beaded",1.53058126072539,1.54409459828095,0.646895111948878,0.53865539485128,4.52886969135106,2.85963154839961,1.3011668817647,1.20094427370858
"Gray","Beaded",1.44130883649309,1.40405544846142,0.509834196890772,0.456426217619159,4.09602076791761,2.12094066448413,1.14040890707406,1.11701339057647
"Gray","Beaded",1.47694564573641,1.48271388097193,0.553153380216148,0.50652867806069,4.22583177347375,2.20307705036176,1.20992022363247,1.09204750722894
"Gray","Beaded",1.53788298032373,1.66052594384888,0.687338220757237,0.57268876340509,4.51548441468161,3.51112014344761,1.35329504599328,1.20019505301704
"Gray","Beaded",1.44381984874873,1.49374948002163,0.562729084928796,0.512514404467437,4.42230216721485,2.38379162833491,1.22430303316063,1.09797711054295
"Gray","Beaded",1.24576389782428,1.25013514939302,0.394211961999848,0.348939903432987,3.84031481222776,1.94435685580339,0.961718552026747,1.1297417065846
"Bearded","Smooth",1.51977187311186,1.68419968256364,0.743107231787286,0.906825692968972,4.37480798491697,0,1.49810156197859,0.819459833955887
"Bearded","Smooth",1.67397533338338,1.61014197259827,0.931784322444529,0.890377570181933,4.36914052244294,0,1.57753778304746,1.04650471176417
"Bearded","Smooth",1.43747288412069,1.30825618619908,0.672045714771618,0.840456580859856,4.32628810896662,0,1.35663931570635,0.799619790095594
"Bearded","Smooth",1.62766776605823,1.61367462900222,0.821365828118968,0.899547607222992,4.38116710912317,0,1.53428651195509,0.913087669317046
"Bearded","Smooth",1.5116416156973,1.53308726124376,0.770361526863634,0.649649256847548,4.38148148865325,0,1.38421020080258,1.1858114493994
"Bearded","Smooth",1.42175082170555,1.62365508372584,0.783663946822824,0.733583396602681,4.42937452540964,0,1.42510809076615,1.06826838018973
"Bearded","Smooth",1.59803005767507,1.55845277586915,0.76381936633498,0.706349637163713,4.42156412793875,0,1.42814723093647,1.08136158942763
"Bearded","Smooth",1.52613904897683,1.3653621978391,0.66316107591091,0.720049075485375,4.37949802983333,0,1.34229968363346,0.920994274541471
"Bearded","Smooth",1.42144085813148,1.28206185544807,0.740286162431724,0.642211002360249,4.09791965808143,0,1.2884148367524,1.15271485494803
"Bearded","Smooth",1.39131039270715,1.35872043532116,0.828411122232728,0.580985610460275,4.27582606999934,0,1.31219111545302,1.42587201355372
"Bearded","Smooth",1.31190257319909,1.37230996466533,0.650011783927337,0.70772922412285,4.25237069344992,0,1.28633668446973,0.918447001722944
"Bearded","Smooth",1.70977760539484,1.77141655357191,0.851827278183374,0.825993612752303,4.42331349887475,0,1.56627225637825,1.03127586585687
"Bearded","Smooth",1.69814478706108,1.60902370521784,0.756821243987227,0.910746518194873,4.54280995448268,0,1.53620973267719,0.83098999432605
"Bearded","Smooth",1.32224387012018,1.43683689434484,0.692909742083802,0.640653882805388,4.18705609111744,0,1.28702086729228,1.08156644434837
"Bearded","Smooth",1.70078326474262,1.6331903180107,0.978903877601348,1.02622119149808,4.60623580384069,0,1.66648954326137,0.953891700650174
"Bearded","Smooth",1.07802232257835,1.39371101635906,0.684684544048427,0.680436253795732,4.20347075927961,0,1.24090146506556,1.0062434801629
"Bearded","Smooth",1.51739869229251,1.69926175211983,0.780035581010751,0.919133466190526,4.38917117769739,0,1.52001229124167,0.848664105599065
"Bearded","Smooth",1.36397338566514,1.49520115933573,0.768175847078396,0.752967799459504,4.23316224346193,0,1.37937229066155,1.02019747408828
"Bearded","Smooth",1.48657176495079,1.33539278263812,0.783970187642739,0.702380745906755,4.27137922943325,0,1.36096525001511,1.11616127322889
"Bearded","Smooth",1.75126611674188,1.71366075655975,0.846215967127196,0.810133990850545,4.53533509870582,0,1.56309325657081,1.04453828216585
"Bearded","Smooth",1.70289959815513,1.50873925073892,0.864753196220062,0.987328673596325,4.47462162693031,0,1.5790020541555,0.875851395128854
"Bearded","Smooth",1.46335808171259,1.61820692109011,0.672077054262536,0.72760755582031,4.18411463785803,0,1.37107402005313,0.923680696944978
"Bearded","Smooth",1.61869833422675,1.52178220433714,0.794704208724655,0.9090060499272,4.41970697326139,0,1.51055602290712,0.874256237115585
"Bearded","Smooth",1.59830423750713,1.61249941467696,0.8268674796269,0.825716671722729,4.45508860837285,0,1.5095811547305,1.00139370796737
"Bearded","Smooth",1.19785864220481,1.41811422791224,0.66518524479321,0.521489802100259,4.05193898235446,0,1.19012785981269,1.27554794382216
"Bearded","Smooth",1.36125186778883,1.28039224369559,0.642205520998422,0.65652160436306,4.26792492614119,0,1.25685237560792,0.978194040729966
"Bearded","Smooth",1.25352257641902,1.36015857168891,0.66647557370782,0.776049275290169,4.29310914250329,0,1.30506887893097,0.858805742017633
"Bearded","Smooth",1.47310004457793,1.46102033774592,0.577877638219549,0.639562020346023,4.29294083313278,0,1.27841657395363,0.903552149495836
"Bearded","Smooth",1.56661296301597,1.3314248544861,0.6473801527529,0.628039363520298,4.21527818330222,0,1.29017960521052,1.03079550479797
"Bearded","Smooth",1.36651735650007,1.397781114179,0.73109569324253,0.762975459367435,4.31741355073808,0,1.35691471797929,0.958216524878355
"Bearded","Smooth",1.45964940775826,1.46078522532987,0.64293163053961,0.66473990325777,4.23018738021459,0,1.3097916398081,0.967192773276764
"Bearded","Smooth",1.38285259378246,1.37567121186236,0.662461953681535,0.644570211630788,4.37429589210285,0,1.28862328108246,1.02775763094214
"Bearded","Smooth",1.51603798770499,1.60534728961539,0.825374367865887,0.851054784347806,4.44627068025451,0,1.50029511510727,0.969825189924056
"Bearded","Smooth",1.41661693224995,1.603427002777,0.639632851697039,0.78704277253061,4.4009441873149,0,1.38151408081394,0.812704053733194
"Bearded","Smooth",1.71013960249789,1.62530710594753,0.966714969538857,0.989199848143564,4.50007783033831,0,1.64268352558181,0.977269629946967
"Bearded","Smooth",1.47530774252917,1.51555977376008,0.68669677892341,0.837037698183265,4.29379307107508,0,1.40721794960719,0.820389309124118
"Bearded","Smooth",1.52360788994725,1.47300345668048,0.883661768724379,0.840666139626935,4.37951718929226,0,1.48827287707551,1.05114471378201
"Bearded","Smooth",1.68576840593048,1.67140283756891,0.922886141700236,0.861834816492635,4.53617932519876,0,1.59011408275587,1.0708387779645
"Bearded","Smooth",1.47712641180975,1.62154225473937,0.65284090455778,0.837642838971593,4.35752941339976,0,1.41674112193156,0.779378601695322
"Bearded","Smooth",1.63264715906825,1.38267028711591,0.7848568786537,0.720072647898196,4.25079761234246,0,1.40232809718268,1.08996902041009
"Bearded","Smooth",1.6373409658636,1.65324022794973,0.944246308872239,0.94519669796571,4.52187017817135,0,1.61316999194603,0.998994506545022
"Bearded","Smooth",1.55620658825479,1.49662616771383,0.768303929795699,0.798563540587714,4.23942948814268,0,1.43372582014692,0.962107447618077
"Bearded","Smooth",1.4903619986441,1.56196540163189,0.770922166611601,0.678488704133836,4.31054028039521,0,1.39318762498639,1.13623434246524
"Bearded","Smooth",1.70222131159391,1.73973002792516,1.00453076728669,1.09490723130926,4.55059312927374,0,1.7146729292307,0.917457423388734
"Bearded","Smooth",1.7797103704846,1.64280711726469,0.818496873293951,0.775301256337958,4.31900303078321,0,1.51621708352412,1.05571462267458
"Bearded","Smooth",1.59747296237849,1.63256357410241,0.866337953909573,0.845209779017222,4.42933263778716,0,1.53270563424075,1.02499755139714
"Bearded","Smooth",1.67558905235636,1.56724012688066,0.856654514418495,0.955219885092704,4.38387271549304,0,1.56608024430842,0.896813945969473
"Bearded","Smooth",1.52220244379853,1.67478685186814,0.824754661491125,0.726504999393668,4.33116033920214,0,1.45921713595214,1.13523604404575
"Bearded","Smooth",1.4478717946402,1.50076626205538,0.658038964691241,0.658320682954839,4.43705835847433,0,1.33096147039388,0.999572065300556
"Bearded","Smooth",1.67504942903794,1.6489524335141,0.834669385146991,0.926701395251665,4.40120438764281,0,1.56549728479423,0.900688603064334
"Bearded","Smooth",1.59778656911748,1.5138898478559,0.792603228889458,0.874870817147972,4.24279725981196,0,1.48065206946933,0.905966016186593
"Bearded","Smooth",1.39351244398263,1.34281087345126,0.643123325374779,0.576658495180387,4.3783727428062,0,1.24890751112479,1.1152585642107
"Bearded","Smooth",1.61970150561663,1.13349160667944,0.659147242467333,0.63476628062101,4.24040634325718,0,1.26640148648187,1.03840935252968
"Bearded","Smooth",1.56740797136419,1.70116018502444,0.85127377482415,0.876624452246405,4.53875083643609,0,1.55292073039636,0.971081484942279
"Bearded","Smooth",1.52583933205648,1.37024271093691,0.791308743703355,0.766292922866621,4.32315358505971,0,1.4053016299982,1.03264524581951
"Bearded","Smooth",1.69631983247699,1.67481390854734,0.779842187324896,0.895238914078257,4.52862853513225,0,1.55123407097815,0.871099518867347
"Bearded","Smooth",1.12129015132572,0.907041645891935,0.495992132792171,0.467390058611942,4.15702839825184,0,0.995993483725086,1.06119529855892
"Bearded","Smooth",1.67401024994494,1.61682709420793,0.858742986651986,0.827462028303846,4.51722384230746,0,1.54092292320576,1.03780349705262
"Bearded","Smooth",1.61383154530139,1.66931145186864,0.935530126257947,0.852190888515709,4.40186846438095,0,1.56720374060769,1.0977940962117
"Bearded","Smooth",1.61741043351923,1.65714183807636,0.900467532072371,0.927446001608073,4.53009484684416,0,1.58931060663524,0.970911007768728
"Bearded","Smooth",1.40774240464249,1.56782394642217,0.645356407248219,0.665766154286317,4.25230216154384,0,1.32164004337455,0.969343970241358
"Bearded","Smooth",1.74441896650942,1.71242706332372,0.894360532076608,0.787265288338323,4.4996703214513,0,1.56752855670654,1.13603450491807
"Bearded","Smooth",1.77056976217042,1.57925305522782,1.01129221178725,1.05365484295383,4.60996925722726,0,1.68875856882284,0.959794584108948
"Bearded","Smooth",1.4746670227931,1.56212958646132,0.732102320596265,0.781951110280853,4.25969059354006,0,1.41223865008688,0.936250759121394
"Bearded","Smooth",1.48379384991619,1.54248528596811,0.844058720186057,0.801733367490868,4.25231983702161,0,1.45788956613547,1.05279230528679
"Bearded","Smooth",1.60813272716454,1.66284349171469,0.779192279165341,0.915557117924676,4.3775383978942,0,1.52878587934556,0.851058075908538
"Bearded","Smooth",1.55459454675494,1.55715714983277,0.679290941634765,0.821745996843031,4.25466954011511,0,1.41880192070795,0.82664344486551
"Bearded","Smooth",1.54821388322315,1.62686620260585,0.724607567737073,0.829685969937339,4.52174372987705,0,1.46926817012768,0.873351598065227
"Bearded","Smooth",1.54235319151099,1.38055750993603,0.864440543312286,0.652721774557128,4.42447107231636,0,1.39673039941665,1.32436296291603
"Bearded","Smooth",1.37061032454063,1.38536282190603,0.448074105051065,0.721208413478372,4.1139535980091,0,1.20345404055192,0.621282415286885
"Bearded","Smooth",1.44518609168827,1.47131353425532,0.853276039842029,0.84112084576747,4.27715358758126,0,1.45527932422695,1.01445118633752
"Bearded","Smooth",1.39051569008459,1.33504771478752,0.673792784175411,0.632989093908165,4.24090196005018,0,1.27412107522387,1.06446191673749
"Bearded","Smooth",1.47646805533687,1.36265628245625,0.526750804975966,0.574394934831986,4.05211925358462,0,1.19790307876515,0.917053360037104
"Bearded","Smooth",1.73957134031589,1.80452626245828,0.93252801052024,0.888567731239676,4.50137396559217,0,1.63568847552927,1.04947318897034
"Bearded","Smooth",1.81528682489811,1.73903097466391,0.889056433348414,0.930418488238683,4.52417439451839,0,1.63862627433913,0.955544676494371
"Bearded","Smooth",1.62303449689599,1.6038577660938,0.770129957685783,0.916379995781534,4.42538458246773,0,1.52060651770463,0.840404593324823
"Bearded","Smooth",1.45723756119082,1.52344407904195,0.75085852321924,0.633272103968602,4.17158892997906,0,1.34512105464174,1.18568071846801
"Bearded","Smooth",1.38038043790719,1.33564732053048,0.560838980304931,0.509138168973432,4.28029601651832,0,1.17643422106924,1.10154573843038
"Bearded","Smooth",1.39590522316375,1.39756247438395,0.624940369977135,0.740876308652855,4.28623694036029,0,1.3109240322215,0.843515122130807
"Bearded","Smooth",1.40493008461056,1.43455918961499,0.601544246936633,0.567274639241568,4.18616688340148,0,1.23552100604379,1.06041096379856
"Fur Seals","Smooth",1.51977187311186,1.68419968256364,0.743107231787286,0.906825692968972,4.37480798491697,0,1.49810156197859,0.819459833955887
"Fur Seals","Smooth",1.67397533338338,1.61014197259827,0.931784322444529,0.890377570181933,4.36914052244294,0,1.57753778304746,1.04650471176417
"Fur Seals","Smooth",1.43747288412069,1.30825618619908,0.672045714771618,0.840456580859856,4.32628810896662,0,1.35663931570635,0.799619790095594
"Fur Seals","Smooth",1.62766776605823,1.61367462900222,0.821365828118968,0.899547607222992,4.38116710912317,0,1.53428651195509,0.913087669317046
"Fur Seals","Smooth",1.5116416156973,1.53308726124376,0.770361526863634,0.649649256847548,4.38148148865325,0,1.38421020080258,1.1858114493994
"Fur Seals","Smooth",1.42175082170555,1.62365508372584,0.783663946822824,0.733583396602681,4.42937452540964,0,1.42510809076615,1.06826838018973
"Fur Seals","Smooth",1.59803005767507,1.55845277586915,0.76381936633498,0.706349637163713,4.42156412793875,0,1.42814723093647,1.08136158942763
"Fur Seals","Smooth",1.52613904897683,1.3653621978391,0.66316107591091,0.720049075485375,4.37949802983333,0,1.34229968363346,0.920994274541471
"Fur Seals","Smooth",1.42144085813148,1.28206185544807,0.740286162431724,0.642211002360249,4.09791965808143,0,1.2884148367524,1.15271485494803
"Fur Seals","Smooth",1.39131039270715,1.35872043532116,0.828411122232728,0.580985610460275,4.27582606999934,0,1.31219111545302,1.42587201355372
"Fur Seals","Smooth",1.31190257319909,1.37230996466533,0.650011783927337,0.70772922412285,4.25237069344992,0,1.28633668446973,0.918447001722944
"Fur Seals","Smooth",1.70977760539484,1.77141655357191,0.851827278183374,0.825993612752303,4.42331349887475,0,1.56627225637825,1.03127586585687
"Fur Seals","Smooth",1.69814478706108,1.60902370521784,0.756821243987227,0.910746518194873,4.54280995448268,0,1.53620973267719,0.83098999432605
"Fur Seals","Smooth",1.32224387012018,1.43683689434484,0.692909742083802,0.640653882805388,4.18705609111744,0,1.28702086729228,1.08156644434837
"Fur Seals","Smooth",1.70078326474262,1.6331903180107,0.978903877601348,1.02622119149808,4.60623580384069,0,1.66648954326137,0.953891700650174
"Fur Seals","Smooth",1.07802232257835,1.39371101635906,0.684684544048427,0.680436253795732,4.20347075927961,0,1.24090146506556,1.0062434801629
"Fur Seals","Smooth",1.51739869229251,1.69926175211983,0.780035581010751,0.919133466190526,4.38917117769739,0,1.52001229124167,0.848664105599065
"Fur Seals","Smooth",1.36397338566514,1.49520115933573,0.768175847078396,0.752967799459504,4.23316224346193,0,1.37937229066155,1.02019747408828
"Fur Seals","Smooth",1.48657176495079,1.33539278263812,0.783970187642739,0.702380745906755,4.27137922943325,0,1.36096525001511,1.11616127322889
"Fur Seals","Smooth",1.75126611674188,1.71366075655975,0.846215967127196,0.810133990850545,4.53533509870582,0,1.56309325657081,1.04453828216585
"Fur Seals","Smooth",1.70289959815513,1.50873925073892,0.864753196220062,0.987328673596325,4.47462162693031,0,1.5790020541555,0.875851395128854
"Fur Seals","Smooth",1.46335808171259,1.61820692109011,0.672077054262536,0.72760755582031,4.18411463785803,0,1.37107402005313,0.923680696944978
"Fur Seals","Smooth",1.61869833422675,1.52178220433714,0.794704208724655,0.9090060499272,4.41970697326139,0,1.51055602290712,0.874256237115585
"Fur Seals","Smooth",1.59830423750713,1.61249941467696,0.8268674796269,0.825716671722729,4.45508860837285,0,1.5095811547305,1.00139370796737
"Fur Seals","Smooth",1.19785864220481,1.41811422791224,0.66518524479321,0.521489802100259,4.05193898235446,0,1.19012785981269,1.27554794382216
"Fur Seals","Smooth",1.36125186778883,1.28039224369559,0.642205520998422,0.65652160436306,4.26792492614119,0,1.25685237560792,0.978194040729966
"Fur Seals","Smooth",1.25352257641902,1.36015857168891,0.66647557370782,0.776049275290169,4.29310914250329,0,1.30506887893097,0.858805742017633
"Fur Seals","Smooth",1.47310004457793,1.46102033774592,0.577877638219549,0.639562020346023,4.29294083313278,0,1.27841657395363,0.903552149495836
"Fur Seals","Smooth",1.56661296301597,1.3314248544861,0.6473801527529,0.628039363520298,4.21527818330222,0,1.29017960521052,1.03079550479797
"Fur Seals","Smooth",1.36651735650007,1.397781114179,0.73109569324253,0.762975459367435,4.31741355073808,0,1.35691471797929,0.958216524878355
"Fur Seals","Smooth",1.45964940775826,1.46078522532987,0.64293163053961,0.66473990325777,4.23018738021459,0,1.3097916398081,0.967192773276764
"Fur Seals","Smooth",1.38285259378246,1.37567121186236,0.662461953681535,0.644570211630788,4.37429589210285,0,1.28862328108246,1.02775763094214
"Fur Seals","Smooth",1.51603798770499,1.60534728961539,0.825374367865887,0.851054784347806,4.44627068025451,0,1.50029511510727,0.969825189924056
"Fur Seals","Smooth",1.41661693224995,1.603427002777,0.639632851697039,0.78704277253061,4.4009441873149,0,1.38151408081394,0.812704053733194
"Fur Seals","Smooth",1.71013960249789,1.62530710594753,0.966714969538857,0.989199848143564,4.50007783033831,0,1.64268352558181,0.977269629946967
"Fur Seals","Smooth",1.47530774252917,1.51555977376008,0.68669677892341,0.837037698183265,4.29379307107508,0,1.40721794960719,0.820389309124118
"Fur Seals","Smooth",1.52360788994725,1.47300345668048,0.883661768724379,0.840666139626935,4.37951718929226,0,1.48827287707551,1.05114471378201
"Fur Seals","Smooth",1.68576840593048,1.67140283756891,0.922886141700236,0.861834816492635,4.53617932519876,0,1.59011408275587,1.0708387779645
"Fur Seals","Smooth",1.47712641180975,1.62154225473937,0.65284090455778,0.837642838971593,4.35752941339976,0,1.41674112193156,0.779378601695322
"Fur Seals","Smooth",1.63264715906825,1.38267028711591,0.7848568786537,0.720072647898196,4.25079761234246,0,1.40232809718268,1.08996902041009
"Fur Seals","Smooth",1.6373409658636,1.65324022794973,0.944246308872239,0.94519669796571,4.52187017817135,0,1.61316999194603,0.998994506545022
"Fur Seals","Smooth",1.55620658825479,1.49662616771383,0.768303929795699,0.798563540587714,4.23942948814268,0,1.43372582014692,0.962107447618077
"Fur Seals","Smooth",1.4903619986441,1.56196540163189,0.770922166611601,0.678488704133836,4.31054028039521,0,1.39318762498639,1.13623434246524
"Fur Seals","Smooth",1.70222131159391,1.73973002792516,1.00453076728669,1.09490723130926,4.55059312927374,0,1.7146729292307,0.917457423388734
"Fur Seals","Smooth",1.7797103704846,1.64280711726469,0.818496873293951,0.775301256337958,4.31900303078321,0,1.51621708352412,1.05571462267458
"Fur Seals","Smooth",1.59747296237849,1.63256357410241,0.866337953909573,0.845209779017222,4.42933263778716,0,1.53270563424075,1.02499755139714
"Fur Seals","Smooth",1.67558905235636,1.56724012688066,0.856654514418495,0.955219885092704,4.38387271549304,0,1.56608024430842,0.896813945969473
"Fur Seals","Smooth",1.52220244379853,1.67478685186814,0.824754661491125,0.726504999393668,4.33116033920214,0,1.45921713595214,1.13523604404575
"Fur Seals","Smooth",1.4478717946402,1.50076626205538,0.658038964691241,0.658320682954839,4.43705835847433,0,1.33096147039388,0.999572065300556
"Fur Seals","Smooth",1.67504942903794,1.6489524335141,0.834669385146991,0.926701395251665,4.40120438764281,0,1.56549728479423,0.900688603064334
"Fur Seals","Smooth",1.59778656911748,1.5138898478559,0.792603228889458,0.874870817147972,4.24279725981196,0,1.48065206946933,0.905966016186593
"Fur Seals","Smooth",1.39351244398263,1.34281087345126,0.643123325374779,0.576658495180387,4.3783727428062,0,1.24890751112479,1.1152585642107
"Fur Seals","Smooth",1.61970150561663,1.13349160667944,0.659147242467333,0.63476628062101,4.24040634325718,0,1.26640148648187,1.03840935252968
"Fur Seals","Smooth",1.56740797136419,1.70116018502444,0.85127377482415,0.876624452246405,4.53875083643609,0,1.55292073039636,0.971081484942279
"Fur Seals","Smooth",1.52583933205648,1.37024271093691,0.791308743703355,0.766292922866621,4.32315358505971,0,1.4053016299982,1.03264524581951
"Fur Seals","Smooth",1.69631983247699,1.67481390854734,0.779842187324896,0.895238914078257,4.52862853513225,0,1.55123407097815,0.871099518867347
"Fur Seals","Smooth",1.12129015132572,0.907041645891935,0.495992132792171,0.467390058611942,4.15702839825184,0,0.995993483725086,1.06119529855892
"Fur Seals","Smooth",1.67401024994494,1.61682709420793,0.858742986651986,0.827462028303846,4.51722384230746,0,1.54092292320576,1.03780349705262
"Fur Seals","Smooth",1.61383154530139,1.66931145186864,0.935530126257947,0.852190888515709,4.40186846438095,0,1.56720374060769,1.0977940962117
"Fur Seals","Smooth",1.61741043351923,1.65714183807636,0.900467532072371,0.927446001608073,4.53009484684416,0,1.58931060663524,0.970911007768728
"Fur Seals","Smooth",1.40774240464249,1.56782394642217,0.645356407248219,0.665766154286317,4.25230216154384,0,1.32164004337455,0.969343970241358
"Fur Seals","Smooth",1.74441896650942,1.71242706332372,0.894360532076608,0.787265288338323,4.4996703214513,0,1.56752855670654,1.13603450491807
"Fur Seals","Smooth",1.77056976217042,1.57925305522782,1.01129221178725,1.05365484295383,4.60996925722726,0,1.68875856882284,0.959794584108948
"Fur Seals","Smooth",1.4746670227931,1.56212958646132,0.732102320596265,0.781951110280853,4.25969059354006,0,1.41223865008688,0.936250759121394
"Fur Seals","Smooth",1.48379384991619,1.54248528596811,0.844058720186057,0.801733367490868,4.25231983702161,0,1.45788956613547,1.05279230528679
"Fur Seals","Smooth",1.60813272716454,1.66284349171469,0.779192279165341,0.915557117924676,4.3775383978942,0,1.52878587934556,0.851058075908538
"Fur Seals","Smooth",1.55459454675494,1.55715714983277,0.679290941634765,0.821745996843031,4.25466954011511,0,1.41880192070795,0.82664344486551
"Fur Seals","Smooth",1.54821388322315,1.62686620260585,0.724607567737073,0.829685969937339,4.52174372987705,0,1.46926817012768,0.873351598065227
"Fur Seals","Smooth",1.54235319151099,1.38055750993603,0.864440543312286,0.652721774557128,4.42447107231636,0,1.39673039941665,1.32436296291603
"Fur Seals","Smooth",1.37061032454063,1.38536282190603,0.448074105051065,0.721208413478372,4.1139535980091,0,1.20345404055192,0.621282415286885
"Fur Seals","Smooth",1.44518609168827,1.47131353425532,0.853276039842029,0.84112084576747,4.27715358758126,0,1.45527932422695,1.01445118633752
"Fur Seals","Smooth",1.39051569008459,1.33504771478752,0.673792784175411,0.632989093908165,4.24090196005018,0,1.27412107522387,1.06446191673749
"Fur Seals","Smooth",1.47646805533687,1.36265628245625,0.526750804975966,0.574394934831986,4.05211925358462,0,1.19790307876515,0.917053360037104
"Fur Seals","Smooth",1.73957134031589,1.80452626245828,0.93252801052024,0.888567731239676,4.50137396559217,0,1.63568847552927,1.04947318897034
"Fur Seals","Smooth",1.81528682489811,1.73903097466391,0.889056433348414,0.930418488238683,4.52417439451839,0,1.63862627433913,0.955544676494371
"Fur Seals","Smooth",1.62303449689599,1.6038577660938,0.770129957685783,0.916379995781534,4.42538458246773,0,1.52060651770463,0.840404593324823
"Fur Seals","Smooth",1.45723756119082,1.52344407904195,0.75085852321924,0.633272103968602,4.17158892997906,0,1.34512105464174,1.18568071846801
"Fur Seals","Smooth",1.38038043790719,1.33564732053048,0.560838980304931,0.509138168973432,4.28029601651832,0,1.17643422106924,1.10154573843038
"Fur Seals","Smooth",1.39590522316375,1.39756247438395,0.624940369977135,0.740876308652855,4.28623694036029,0,1.3109240322215,0.843515122130807
"Fur Seals","Smooth",1.40493008461056,1.43455918961499,0.601544246936633,0.567274639241568,4.18616688340148,0,1.23552100604379,1.06041096379856
"Sea Lions","Smooth",1.46543649750131,1.27558146541571,0.611353957217368,0.668923718946177,4.57482638353968,0,1.2845287495954,0.913936731351813
"Sea Lions","Smooth",1.43329177148124,1.35956973901678,0.418497816556614,0.425887578335088,4.42458456377139,0,1.08973111985978,0.982648562309888
"Sea Lions","Smooth",1.53170276471456,1.57922212533689,0.779418132651126,0.750819266524395,4.56891635977471,0,1.45260444073833,1.03809021345325
"Sea Lions","Smooth",1.88219980173466,1.79921072473857,0.861314970716069,0.873007570828942,4.83643717156927,0,1.65230669331904,0.98660653068361
"Sea Lions","Smooth",1.58524611964809,1.59091959720822,0.773696649539853,0.660654058049987,4.43269482153052,0,1.41707069583675,1.1711070871547
"Sea Lions","Smooth",1.33197697787213,1.35271709346924,0.466669391545903,0.421561099550055,4.29490259999006,0,1.08769059232024,1.10700297547376
"Sea Lions","Smooth",1.49190311807507,1.55792929980991,0.569109536592335,0.659590937013066,4.54238762030593,0,1.31706928020202,0.862821947144282
"Sea Lions","Smooth",1.40155641475458,1.41625922007676,0.600954363176687,0.589603235371726,4.38192641056425,0,1.25246025434437,1.01925214639944
"Sea Lions","Smooth",1.48021560236445,1.5821324484995,0.636199182587835,0.684232189418279,4.58431442476307,0,1.36121825322687,0.929800135723984
"Sea Lions","Smooth",1.03686036265329,1.12652538399477,0.178800540269297,0.21361090292032,3.84807636176077,0,0.70297428023699,0.837038455551081
"Sea Lions","Smooth",1.44677977278483,1.56551417690258,0.587629609564857,0.677889764217178,4.48164096075664,0,1.32236652951528,0.866851279637548
"Sea Lions","Smooth",1.289635035079,1.41908361410546,0.46925511830143,0.432750182083089,4.40279015519554,0,1.10349358937587,1.08435568078243
"Sea Lions","Smooth",1.7382627342768,1.61054107976394,0.589112617090099,0.626693880356363,4.58804534930673,0,1.36519202079107,0.940032503197744
"Sea Lions","Smooth",1.4085527321199,1.35316393969435,0.50147417914538,0.41455252318866,4.20796010653375,0,1.10765536608509,1.20967585793022
"Sea Lions","Smooth",1.65039575906086,1.61714814474862,0.688550172815745,0.701639997218622,4.56691858434673,0,1.4256148842532,0.98134395921731
"Sea Lions","Smooth",1.47426916569805,1.57519784411312,0.54507060967138,0.518809972075837,4.35658168596742,0,1.23396762823626,1.05061706406774
"Sea Lions","Smooth",1.42262937899162,1.51302730940923,0.590255316294789,0.640260676089142,4.38311600026193,0,1.28950683415578,0.921898436587114
"Sea Lions","Smooth",1.49022489366805,1.58660730071925,0.542327602393925,0.544477225009885,4.48369930326616,0,1.25637658453762,0.996051951271386
"Sea Lions","Smooth",1.74142015977812,1.7060893609846,0.796648890061149,0.69106678806542,4.54687360471573,0,1.49376073810157,1.15278132854756
"Sea Lions","Smooth",1.57870350222519,1.62327765517756,0.553730535301943,0.60096031988487,4.65151018409452,0,1.31730495660985,0.9214094790951
"Sea Lions","Smooth",1.33530602250593,1.48559240975696,0.513685029706664,0.543572300707357,4.37230015379888,0,1.19351789501389,0.945016935259945
"Sea Lions","Smooth",1.46725134105507,1.51795458036548,0.64141313722166,0.524769451486609,4.5660403451903,0,1.27903340296885,1.22227605933351
"Sea Lions","Smooth",1.65274909493445,1.63403336137884,0.674576806212406,0.686256464986448,4.51959193062007,0,1.41389443483247,0.982980621138087
"Sea Lions","Smooth",1.42774062009787,1.28157767391659,0.519027238371249,0.504555524214351,4.44840968905296,0,1.16342831284735,1.02868210427273
"Sea Lions","Smooth",1.63419647164314,1.6699796353546,0.652583994221192,0.460318616269836,4.56970909840648,0,1.30232623969771,1.41767891011962
"Sea Lions","Smooth",1.45526986952547,1.43665048393962,0.544742416928771,0.513322031684798,4.52290957611359,0,1.21467119555582,1.06120989029216
"Sea Lions","Smooth",1.59231310962327,1.50851847204963,0.596622842423092,0.552932591531617,4.54092601922807,0,1.291870910445,1.07901551031827
"Sea Lions","Smooth",1.51341981225624,1.34035234474698,0.557670494691411,0.634646885075116,4.42960868625222,0,1.26034869244056,0.878709890186266
"Sea Lions","Smooth",1.61148177140032,1.48927842202335,0.545941882174422,0.600915923017912,4.60720382708129,0,1.29395677570698,0.908516252045045
"Sea Lions","Smooth",1.52731876722641,1.56820483566353,0.678313280355247,0.669215593012113,4.53578694221167,0,1.37592987053408,1.01359455374043
"Sea Lions","Smooth",1.48162160723721,1.39336850863218,0.703140816184513,0.632722746159948,4.5137006911508,0,1.32897974353762,1.11129372296466
"Sea Lions","Smooth",1.56499985632324,1.73270403969899,0.51951303887874,0.661194346228162,4.5837754273294,0,1.33683411868114,0.785719118504787
"Sea Lions","Smooth",1.50265667108068,1.43019965733471,0.532417418791945,0.531474826136973,4.38073985868962,0,1.21648783516295,1.00177354148986
"Sea Lions","Smooth",1.56038610052867,1.42265179574566,0.69730772522177,0.614623422900115,4.55206518281999,0,1.34064733452491,1.13452839452735
"Sea Lions","Smooth",1.79155844184932,1.60800044481574,0.785743784929747,0.714296739288175,4.66542115559221,0,1.49800590098469,1.10002432002248
"Sea Lions","Smooth",1.5247129705715,1.54746063741215,0.529821614452329,0.557501817910404,4.43735286113735,0,1.25331871891057,0.950349572738931
"Sea Lions","Smooth",1.44944920982075,1.42354387092954,0.656585329000476,0.659554085965544,4.54660455271807,0,1.32361148215069,0.995498842281112
"Sea Lions","Smooth",0.962694572517936,0.937304357697283,0.288315667195988,0.474369826358756,4.18454000010666,0,0.876194326096226,0.607786691259619
"Sea Lions","Smooth",1.25286608269477,1.33179455756634,0.550800238959814,0.443890081927372,4.32020761956568,0,1.12001338698392,1.2408482671391
"Sea Lions","Smooth",1.41408056909454,1.36939141526702,0.506642292923839,0.491777849171114,4.22443841438488,0,1.15305023463299,1.03022593184662
"Sea Lions","Smooth",1.48450543315708,1.58407392126101,0.583434377108448,0.514285728382801,4.39665483198104,0,1.25410881082775,1.13445570216986
"Sea Lions","Smooth",1.70081953420595,1.8584317686241,0.841984601665229,0.858981894956436,4.76276461618819,0,1.61209424185578,0.980212279919976
"Sea Lions","Smooth",1.54454485695661,1.38815510656312,0.512132726622089,0.486984728729464,4.40835228351432,0,1.18708696746486,1.05164021869482
"Sea Lions","Smooth",1.66629760396249,1.65100348806077,0.669853813579797,0.690686096951422,4.58477294857999,0,1.42303580785718,0.969838276080008
"Sea Lions","Smooth",1.70524310981269,1.55814905949348,0.610224428702593,0.719349204914614,4.61014830958495,0,1.39993513019708,0.848300692533644
"Sea Lions","Smooth",1.24408678532082,1.28211353786049,0.398863462139929,0.430667071658789,4.41239321879815,0,1.03868404048174,0.926152678921183
"Sea Lions","Smooth",1.34911344993337,1.38084333120735,0.402183722297068,0.436329994300123,4.33593718109081,0,1.07226735362433,0.921742093257131
"Sea Lions","Smooth",1.36568617714515,1.56657832456821,0.667864439204045,0.674237591636823,4.60736162560711,0,1.34725970910508,0.990547616282702
"Sea Lions","Smooth",1.33965794215495,1.25146426204836,0.407473860769253,0.488201393589889,4.35519207789751,0,1.07751591027162,0.834642969314317
"Sea Lions","Smooth",1.40956134708005,1.54071849499171,0.649530622240755,0.636367592620384,4.53108790317114,0,1.32392532649031,1.02068463223617
"Sea Lions","Smooth",1.26719483523343,1.33863490210178,0.593680487207837,0.491664671283327,4.47597596798092,0,1.17252743306283,1.20749063718211
"Sea Lions","Smooth",1.55858722743887,1.67333669337363,0.44321068878828,0.54108929778697,4.55027437137675,0,1.23266833616638,0.81910821485657
"Sea Lions","Smooth",1.50611472946509,1.60984003982668,0.746973384809093,0.666930832667018,4.43760295766397,0,1.39905577764743,1.12001627188533
"Sea Lions","Smooth",1.58595794800457,1.44613021532047,0.731555400460842,0.666981263548534,4.65607701539809,0,1.39115658443685,1.09681551857807
"Sea Lions","Smooth",1.39725153827548,1.44385227456891,0.636398717684265,0.481334993687533,4.33019045127736,0,1.21757638871661,1.32215343997489
"Sea Lions","Smooth",1.46512270742333,1.43266316357222,0.608191364631773,0.509930485071325,4.495224121859,0,1.23955024012155,1.19269465630537
"Sea Lions","Smooth",1.4230705498537,1.40914764365603,0.60928536838059,0.537440154051595,4.39115818339219,0,1.23589784328102,1.13368039918003
"Sea Lions","Smooth",1.4919533865967,1.56501433433265,0.647604280820939,0.645233308548197,4.5566123608092,0,1.34768510844163,1.00367459683394
"Sea Lions","Smooth",1.31085374156336,1.42747317080654,0.525131900804115,0.495475740030077,4.36526672821708,0,1.16274573423132,1.05985391085391
"Sea Lions","Smooth",1.49524172262863,1.53941969549694,0.631286533616693,0.563714487271976,4.4812048416008,0,1.29702931719453,1.11986927402154
"Sea Lions","Smooth",1.60081577834945,1.55252129802647,0.672739088530655,0.725230717138539,4.51829794702243,0,1.40519089900038,0.927620786920065
"Sea Lions","Smooth",1.41872213102591,1.31237800282229,0.644521626888258,0.621584752975885,4.46213289266197,0,1.27188348093848,1.03690063793
"Sea Lions","Smooth",1.26746522658263,1.31595427957534,0.38097409500778,0.338536749145783,4.24568205298983,0,0.98203081913186,1.12535521171358
"Sea Lions","Smooth",1.4050550678438,1.41718077523964,0.442179112213663,0.583841028072153,4.61521038986202,0,1.1886133045732,0.75736217729292
"Sea Lions","Smooth",1.45721135402374,1.33882660576426,0.537365229269429,0.551354130196079,4.45834949807939,0,1.20843762039298,0.974628101685436
"Sea Lions","Smooth",1.407383791103,1.4917734252481,0.58502735051634,0.554740536839543,4.34434565919427,0,1.24239922358763,1.05459635931664
"Sea Lions","Smooth",1.55862362765927,1.50173079984938,0.63157254857295,0.573387731213589,4.55116123201481,0,1.30998234087933,1.10147551855742
"Sea Lions","Smooth",1.42092522341239,1.43305510524847,0.628625372851616,0.633811611932713,4.48386946984819,0,1.29469608478961,0.991817380774576
"Sea Lions","Smooth",1.56346716192005,1.55485278204879,0.624023116202114,0.638038095627457,4.30981958071152,0,1.33062869083179,0.978034259205855
"Sea Lions","Smooth",1.61005055896668,1.69465859970284,0.634023616359501,0.595905479475537,4.51114065627024,0,1.359872474569,1.06396675009183
"Sea Lions","Smooth",1.49751534999577,1.47092575894826,0.476267106518173,0.505476146447667,4.36970192268874,0,1.18302254350088,0.942214800570184
"Sea Lions","Smooth",1.69055203145259,1.76327388730115,0.769967582749085,0.692989528557806,4.72184145554795,0,1.49668968772237,1.11108112174722
"Sea Lions","Smooth",1.41854797547789,1.32631010397989,0.502695740156249,0.48898293802949,4.463740333217,0,1.1559988125029,1.0280435186185
"Sea Lions","Smooth",1.36393631842099,1.39537922049066,0.474464089755966,0.369024476447808,4.5527865857725,0,1.08693714797568,1.28572525682608
"Sea Lions","Smooth",1.39510395284612,1.18667639170756,0.542540684654683,0.50579924053946,4.38804874068191,0,1.14795313840215,1.0726403702703
"Sea Lions","Smooth",1.4569033002459,1.38802829693853,0.584547247767634,0.564765686105753,4.5176424665746,0,1.24705545163123,1.03502613942126
"Sea Lions","Smooth",1.11164395147492,1.2841396374999,0.391390143363674,0.41677152710813,4.46287642681623,0,1.00772063032765,0.939100005414067
"Sea Lions","Smooth",1.59196273137089,1.66896933030834,0.756981918107507,0.794110526828243,4.58518783333509,0,1.48915865007277,0.953245036469884
"Sea Lions","Smooth",1.73600094417117,1.69801762839443,0.738149502978561,0.662916730473198,4.6895457315309,0,1.46570053946212,1.113487515169
"Sea Lions","Smooth",1.58502168398639,1.5413270275639,0.580451670230936,0.600079271876298,4.58035895020266,0,1.31268596323337,0.967291652011256
